Amount,AmountOfSecurityOwned,CIK,OwnershipForm,Price,SecuritiesAcquirednDisposed,TitleOfSecurity,TransactionCode,TransactionDate
,"2,260",1551139,D,,,Common Stock,,
,"2,260",1551139,D,,,Common Stock,,
"250,037","1,450,557",1551139,I,8.4,A,Common Stock,P,12/20/2019
"2,767,505","12,872,664",1551139,I,8.4,A,Common Stock,P,12/20/2019
"1,160,148","290,409",1551139,I,,D,Common Stock,D,12/20/2019
"9,765,333","3,107,331",1551139,I,,D,Common Stock,D,12/20/2019
"2,981","46,444",1387467,D,13.681,D,Common Share,S,12/20/2019
"5,515","40,929",1387467,D,13.7089,D,Common Share,S,12/20/2019
"1,033","5,031",1280263,D,57.9342,D,Ordinary Shares,S,12/20/2019
"1,963","48,888",1092796,D,9.26,D,Common Stock,F,12/19/2019
400,400,1185528,D,25,A,Series K Cumulative Preferred Stock,P,12/16/2019
"4,000","4,000",1185528,I,25,A,Series K Cumulative Preferred Stock,P,12/16/2019
"3,364","80,530.74",1090872,D,40.8,A,Common Stock,M,12/20/2019
"3,364","77,166.74",1090872,D,85,D,Common Stock,S,12/20/2019
"3,000","3,000",1185528,I,25,A,Series G Cumulative Preferred Stock,P,12/20/2019
"30,000","178,032",1025092,D,84.89,A,Common Stock,M,12/20/2019
"8,000","170,032",1025092,D,117.35,D,Common Stock,S,12/20/2019
"22,000","148,032",1025092,D,117.95,D,Common Stock,S,12/20/2019
"2,000","727,000",1014763,I,0.29,A,Common Stock,P,12/20/2019
,"5,749,019",1014763,D,,,Common Stock,,
,"12,263",1014763,D,,,Common Stock,,
,"39,473",1014763,I,,,Common Stock,,
,"638,801",1014763,I,,,Common Stock,,
,"20,377",1025092,I,,,Common Stock,,
69.5604,"10,900.47",715579,D,35.94,A,ACNB Corporation Common,P,12/13/2019
"6,246","1,020,072",46129,D,47.3,D,Common Stock,S,12/18/2019
"1,057","1,019,015",46129,D,46.7,D,Common Stock,S,12/19/2019
,"16,010",46129,I,,,Common Stock,,
"72,900","41,773",1225954,I,65.9,D,Common Stock,S,12/18/2019
27.8242,"10,519.21",715579,D,35.94,A,ACNB Corporation Common,P,12/13/2019
"2,100","67,172",1225954,I,66.54,D,Common Stock,S,12/18/2019
,"3,407",1225954,D,,,Common Stock,,
"1,299","73,891",1386395,D,145,D,Common Stock,S,12/18/2019
,"32,228",1386395,I,,,Common Stock,,
,"32,228",1386395,I,,,Common Stock,,
,"36,500",1386395,I,,,Common Stock,,
"17,829","182,213",1388658,D,4.12,A,Common Stock,M,12/18/2019
"6,235","188,448",1388658,D,3.65,A,Common Stock,M,12/18/2019
"11,587","200,035",1388658,D,4,A,Common Stock,M,12/18/2019
"12,903","212,938",1388658,D,5.82,A,Common Stock,M,12/18/2019
"3,719","216,657",1388658,D,7.47,A,Common Stock,M,12/18/2019
3,"216,660",1388658,D,17,A,Common Stock,M,12/18/2019
163,"43,217",1596288,D,26.02,D,Common Units,F,12/20/2019
"7,339","374,991",1590560,D,7.53,A,Ordinary Shares,M,12/18/2019
"6,154","368,837",1590560,D,69.94,D,Ordinary Shares,S,12/18/2019
"1,110","367,727",1590560,D,70.55,D,Ordinary Shares,S,12/18/2019
276,"367,451",1590560,D,71.7,D,Ordinary Shares,S,12/18/2019
"65,000","79,500",1391135,D,0.01,D,Common Stock,D,9/23/2019
"7,472","214,708",1585521,I,67.6271,D,Class A Common Stock,S,12/18/2019
"3,595","211,113",1585521,I,66.3929,D,Class A Common Stock,S,12/18/2019
"61,522","39,541,997",1101026,D,0.12,A,Common Stock,P,12/6/2019
"64,000","39,605,997",1101026,D,0.13,A,Common Stock,P,12/9/2019
"205,000","39,810,997",1101026,D,0.13,A,Common Stock,P,12/10/2019
"30,000","39,840,997",1101026,D,0.12,A,Common Stock,P,12/13/2019
"117,500","39,958,497",1101026,D,0.12,A,Common Stock,P,12/16/2019
"65,500","40,023,997",1101026,D,0.11,A,Common Stock,P,12/17/2019
"125,000","40,148,997",1101026,D,0.12,A,Common Stock,P,12/18/2019
"1,000","13,519",1463172,D,27.34,A,Common Stock,M,12/19/2019
"1,000","12,519",1463172,D,76.04,D,Common Stock,S,12/19/2019
700,"11,819",1463172,D,76.04,D,Common Stock,S,12/19/2019
400,"10,522.97",1702555,D,22.75,A,Common stock,P,12/20/2019
"7,000","289,749",1713683,I,48.5971,D,Common Stock,S,12/20/2019
"1,163","41,377",1528088,D,24.21,A,Common Stock,A,12/18/2019
,"6,815",1528088,I,,,Common Stock,,
"6,250","599,530",1530968,D,,A,Common Stock,A,12/18/2019
,"126,748",1713683,D,,,Common Stock,,
,"566,702",1713683,I,,,Common Stock,,
"8,625","45,063",1136869,D,0,A,Common Stock,M,12/19/2019
"3,997","41,066",1136869,D,149.43,D,Common Stock,F,12/19/2019
"123,456","474,235",1758042,I,3.25,A,Common Stock,P,12/17/2019
,"47,777",1758042,D,,,Common Stock,,
,"51,532",1566345,D,,,Common Stock,,
306.9111,"11,593.91",1701764,D,0,A,Common Stock,M,12/18/2019
9.9111,"11,584",1701764,D,53.91,D,Common Stock,D,12/18/2019
88,"11,496",1701764,D,53.91,D,Common Stock,F,12/18/2019
,"7,959",1566345,I,,,Common Stock,,
,"5,362",1566345,I,,,Common Stock,,
"79,365","125,673",1709934,D,0,A,Common Stock,A,12/18/2019
"9,324","120,397.00",1501837,D,0,A,Common Stock,A,12/18/2019
"4,566","115,831.00",1501837,D,7.83,D,Common Stock,F,12/18/2019
"35,668","49,033",1787930,D,0,A,Common Stock,A,12/18/2019
"5,000","260,449",1157617,D,0,D,,G,12/18/2019
"25,306","335,845.77",1537539,D,0,A,Common Stock,A,12/18/2019
"12,393","323,452.77",1537539,D,7.83,D,Common Stock,F,12/18/2019
"27,500","1,498,707",1767385,D,0.14,A,Common Stock,P,12/16/2019
"7,500","1,506,207",1767385,D,0.11,A,Common Stock,P,12/16/2019
"119,047","232,144",1687130,D,0,A,Common Stock,A,12/18/2019
"24,800","443,690",1207371,D,116.18,D,Common Stock,S,12/18/2019
200,"443,490",1207371,D,116.89,D,Common Stock,S,12/18/2019
"2,222","341,858",1207371,I,0,D,Common Stock,G,12/19/2019
"208,333","475,734",1687132,D,0,A,Common Stock,A,12/18/2019
,"5,842,700",1687132,I,,,Common Stock,,
10,"4,111",1703809,D,0,A,COMMON STOCK,A,12/20/2019
6,"4,117",1703809,D,0,A,COMMON STOCK,A,12/20/2019
"10,000","49,441",1612111,D,0,A,Common Stock,M,12/20/2019
"2,586","46,855",1612111,D,13.12,D,Common Stock,F,12/20/2019
"245,481","940,442",791908,D,22,A,,X,12/18/2019
"190,899","937,353",791908,D,22,A,,X,12/18/2019
"35,888","159,537",791908,D,22,A,,X,12/18/2019
"207,234","1,147,676",791908,D,22,A,,P,12/19/2019
"165,961","1,103,314",791908,D,22,A,,P,12/19/2019
,"231,878",791908,I,,,,,
"60,086","149,434.84",1629935,D,0,A,Common Stock,A,12/18/2019
"29,425","120,009.84",1629935,D,7.83,D,Common Stock,F,12/18/2019
24,"17,939",1442500,D,0,A,COMMON STOCK,A,12/20/2019
387,"5,613",1741177,D,2.02,D,Common Stock,F,6/17/2019
79.9944,"9,826.14",1400138,D,35.94,A,ACNB Corporation Common,A,12/13/2019
"3,093","6,865",1764054,D,0,A,Class A Common Stock,A,12/19/2019
242,"56,701",1628529,D,2.73,D,Common Stock,F,12/19/2019
,"2,100",1628529,I,,,Common Stock,,
,"2,100",1628529,I,,,Common Stock,,
"4,000","146,468",1754480,D,37.7479,D,Common Stock,S,12/19/2019
"4,000","142,648",1754480,D,37.8832,D,Common Stock,S,12/20/2019
,"3,492",1754480,I,,,Common Stock,,
"6,582","234,251",1345871,D,69.83,D,Common Stock,F,12/19/2019
"30,786","259,044",1605194,D,18.06,D,Class A Shares,F,12/20/2019
500,"29,937",1157647,D,9.87,A,Common Stock,P,12/19/2019
,52,1157647,I,,,Common Stock,,
"2,237.05","9,407.05",1744489,D,146.0586,A,Disney Common Stock,M,12/19/2019
774.0471,"8,633",1744489,D,146.0586,D,Disney Common Stock,F,12/19/2019
"2,321","10,954",1744489,D,146.0586,A,Disney Common Stock,M,12/19/2019
813,"10,141",1744489,D,146.0586,D,Disney Common Stock,F,12/19/2019
,"13,962.71",1744489,I,,,Disney Common Stock,,
"2,753.98","102,788.98",1744489,D,146.0586,A,Disney Common Stock,M,12/19/2019
"1,366.98","101,422",1744489,D,146.0586,D,Disney Common Stock,F,12/19/2019
"3,413","104,835",1744489,D,146.0586,A,Disney Common Stock,M,12/19/2019
"1,693","103,142",1744489,D,146.0586,D,Disney Common Stock,F,12/19/2019
"1,113","102,029",1744489,D,146.32,D,Disney Common Stock,S,12/19/2019
,"12,170.80",1744489,I,,,Disney Common Stock,,
"1,163","212,396",1527821,D,24.21,A,Common Stock,A,12/18/2019
"2,202.98","35,606.98",1744489,D,146.0586,A,Disney Common Stock,M,12/19/2019
"1,093.98","34,513",1744489,D,146.0586,D,Disney Common Stock,F,12/19/2019
"3,515","38,028",1744489,D,146.0586,A,Disney Common Stock,M,12/19/2019
"1,743","36,285",1744489,D,146.0586,D,Disney Common Stock,F,12/19/2019
739,"35,546",1744489,D,146.32,D,Disney Common Stock,S,12/19/2019
,282.955,1744489,I,,,Disney Common Stock,,
,100,1744489,I,,,Disney Common Stock,,
"3,097.59","135,393.59",1744489,D,146.0586,A,Disney Common Stock,M,12/19/2019
"1,536.59","133,857",1744489,D,146.0586,D,Disney Common Stock,F,12/19/2019
"3,754","137,611",1744489,D,146.0586,A,Disney Common Stock,M,12/19/2019
"1,862","135,749",1744489,D,146.0586,D,Disney Common Stock,F,12/19/2019
,"4,039.52",1744489,I,,,Disney Common Stock,,
"1,391.93","24,920.93",1744489,D,146.0586,A,Disney Common Stock,M,12/19/2019
658.9331,"24,262",1744489,D,146.0586,D,Disney Common Stock,F,12/19/2019
"1,775","26,037",1744489,D,146.0586,A,Disney Common Stock,M,12/19/2019
881,"25,156",1744489,D,146.0586,D,Disney Common Stock,F,12/19/2019
,"2,676.07",1744489,I,,,Disney Common Stock,,
"609,375","3,131,317",1508045,D,0,A,,A,12/13/2019
,"1,271,182",1508045,I,,,,,
871,"12,053",1636371,D,30.35,A,Common Stock,M,12/19/2019
423,"11,630",1636371,D,30.35,D,Common Stock,F,12/19/2019
,"1,412",1636371,I,,,Common Stock,,
"58,480","181,291",1742930,D,0,A,Common Stock,A,12/18/2019
299,"61,879",1479202,D,11.08,D,Common Stock,F,12/19/2019
17.0586,"2,182.19",1469388,D,17.0237,A,,P,12/13/2019
887.285,"3,069.47",1469388,D,17.6099,A,,P,12/19/2019
"2,925","922,521",1604457,D,,A,Common Stock,M,12/18/2019
743,"921,778",1604457,D,1.81,D,Common Stock,F,12/18/2019
671.65,"23,376.40",1252977,D,16.03,D,"UMH Properties, Inc.",G,12/18/2019
"7,408","23,240",108516,D,43.49,D,Common Shares,S,12/20/2019
"20,000","102,177",1227560,D,3.62,A,Common Stock,M,12/19/2019
"20,000","82,177",1227560,D,16.2192,D,Common Stock,S,12/19/2019
"10,000","15,000",1228861,D,10.2,A,Class A Common Stock,P,12/18/2019
"31,172",0,1044565,D,,D,Common Stock,D,12/20/2019
400,"4,316,368",1246514,I,27.9903,A,Common Units Representing Limited Partnership Interests,P,12/18/2019
400,"4,316,368",1246514,I,27.9903,A,Common Units Representing Limited Partnership Interests,P,12/18/2019
400,"4,316,368",1246514,I,27.9903,A,Common Units Representing Limited Partnership Interests,P,12/18/2019
"10,000","198,250",936728,D,9.24,A,Common Stock,M,12/18/2019
400,"4,316,368",1246514,I,27.9903,A,Common Units Representing Limited Partnership Interests,P,12/18/2019
,"70,408,549",1246514,I,,,Common Units Representing Limited Partnership Interests,,
,"591,049,499",1246514,I,,,Common Units Representing Limited Partnership Interests,,
,"4,346,154",1246514,I,,,Common Units Representing Limited Partnership Interests,,
,"20,000",936728,I,,,Common Stock,,
,"2,723,052",1246514,I,,,Common Units Representing Limited Partnership Interests,,
,"2,834,198",1246514,I,,,Common Units Representing Limited Partnership Interests,,
,"6,400,000",1246514,I,,,Common Units Representing Limited Partnership Interests,,
,"1,600,000",1246514,I,,,Common Units Representing Limited Partnership Interests,,
,"1,111,438",1246514,I,,,Common Units Representing Limited Partnership Interests,,
,"469,923",1246514,I,,,Common Units Representing Limited Partnership Interests,,
,"469,923",1246514,I,,,Common Units Representing Limited Partnership Interests,,
,"469,923",1246514,I,,,Common Units Representing Limited Partnership Interests,,
,"469,923",1246514,I,,,Common Units Representing Limited Partnership Interests,,
,"401,097",1246514,I,,,Common Units Representing Limited Partnership Interests,,
,"10,000",1246514,I,,,Common Units Representing Limited Partnership Interests,,
,"9,090",1246514,I,,,Common Units Representing Limited Partnership Interests,,
,"4,040",1246514,I,,,Common Units Representing Limited Partnership Interests,,
"1,350","2,000",776867,I,0,D,Common Shares,G,12/17/2019
,"6,639",776867,D,,,Common Shares,,
"2,050","3,312,667",1233266,D,0,D,Common Stock,G,12/16/2019
"2,050","3,310,617",1233266,D,0,D,Common Stock,G,12/16/2019
,"1,875,156",1233266,I,,,Common Stock,,
,"1,875,156",1233266,I,,,Common Stock,,
,"250,000",1233266,I,,,Common Stock,,
"79,365","134,488",1687143,D,0,A,Common Stock,A,12/18/2019
"4,280","12,758",1251118,D,0,A,Common Stock,A,12/18/2019
"2,895,988",0,1008023,D,,D,Common Stock,D,12/20/2019
"25,000",0,1008023,I,,D,Common Stock,D,12/20/2019
"140,000",0,1008023,I,,D,Common Stock,D,12/20/2019
,"245,000",1008023,I,,,Common Stock,,
,"43,750",1008023,I,,,Common Stock,,
"5,067,979","5,067,979",1008023,D,,A,Common Stock,A,12/20/2019
"26,945","5,094,924",1008023,D,,A,Common Stock,A,12/20/2019
,"57,449",1530997,D,,,Common Stock,,
,"8,842",1530997,I,,,Common Stock,,
"1,740","102,917",1185946,D,11.5,D,Common Stock,G,12/19/2019
"1,500","130,000",1276468,D,,D,Class A Common Stock,G,11/14/2019
,"11,990",1530997,I,,,Common Stock,,
"2,000","102,917",1185946,D,11.5,D,Common Stock,G,12/19/2019
"15,190","1,167,439",1607716,D,0,D,Common Stock,G,12/19/2019
672,"126,309",1207074,D,0,D,common stock,G,12/19/2019
,"234,456",1207074,I,,,common stock,,
,"59,195",1207074,I,,,common stock,,
,"39,500",1207074,I,,,common stock,,
840,"9,705",1676441,D,32.7,A,Common Stock,A,12/19/2019
,672,1207074,I,,,common stock,,
"7,797","61,070",1314197,D,0,A,Restricted Stock Unit,A,12/18/2019
"5,000","27,500",863894,D,2.7999,A,Common Stock,P,12/19/2019
300,"11,850",1393052,D,0,A,Class A Common Stock,M,12/20/2019
384,"13,661",1393052,D,0,A,Class A Common Stock,M,12/20/2019
328,"14,480",1393052,D,0,A,Class A Common Stock,M,12/20/2019
401,401,1393052,D,0,A,Class A Common Stock,M,12/20/2019
,"581,794",1393052,I,,,Class A Common Stock,,
20,"5,163",1393052,D,0,A,Class A Common Stock,M,12/18/2019
292,"5,455",1393052,D,0,A,Class A Common Stock,M,12/20/2019
41,"2,024",102729,D,148.29,D,Common Stock,F,12/19/2019
"2,000","83,670",1190201,D,99.9,D,Common Stock,S,12/20/2019
,"106,445",1190201,I,,,Common Stock,,
,200,1190201,I,,,Common Stock,,
,"67,500",1190201,I,,,Common Stock,,
347,"9,313",1393052,D,0,A,Class A Common Stock,M,12/20/2019
64,"5,359",102729,D,148.29,D,Common Stock,F,12/19/2019
38,"4,293",102729,D,148.29,D,Common Stock,F,12/19/2019
206,"26,595",102729,D,148.29,D,Common Stock,F,12/19/2019
,401,102729,I,,,Common Stock,,
31,"3,090",102729,D,148.29,D,Common Stock,F,12/19/2019
"10,548","173,384",1035002,D,0,A,,A,12/18/2019
"3,860","300,379",1627475,D,0,A,Common Stock,M,12/18/2019
"1,380","298,999",1627475,D,10.82,D,Common Stock,S,12/18/2019
,"2,088,818",1388319,D,,,Common Stock,,
,"3,023,782",1388319,I,,,Common Stock,,
,"9,793",1388319,D,,,Common Stock,,
250,"14,544",1073429,D,41.72,D,Common stock,S,12/19/2019
,"1,941",1388319,D,,,Common Stock,,
,"11,000",1388319,D,,,Common Stock,,
,"31,332,098",1388319,I,,,Common Stock,,
"10,000","89,183",1747079,D,25.274,D,Common Stock,S,12/19/2019
900,"88,283",1747079,D,0,D,Common Stock,G,12/19/2019
,"3,409",1747079,I,,,Common Stock,,
,"526,942",1388319,I,,,Common Stock,,
"8,532","440,504",914156,D,0,A,,A,12/18/2019
"4,919","435,585",914156,D,46.88,D,,F,12/18/2019
,"1,301,298",1595893,D,,,Common Stock,,
"3,730","980,989",1595893,I,57.76,D,Common Stock,S,12/18/2019
"3,898","977,091",1595893,I,58.48,D,Common Stock,S,12/18/2019
"7,802","969,289",1595893,I,59.78,D,Common Stock,S,12/18/2019
"3,070","966,219",1595893,I,60.38,D,Common Stock,S,12/18/2019
"1,400","964,819",1595893,I,59.84,D,Common Stock,S,12/19/2019
"9,230","955,589",1595893,I,60.69,D,Common Stock,S,12/19/2019
"4,970","950,619",1595893,I,61.48,D,Common Stock,S,12/19/2019
"2,900","947,719",1595893,I,62.33,D,Common Stock,S,12/19/2019
"1,400","946,319",1595893,I,62.64,D,Common Stock,S,12/20/2019
"8,500","937,819",1595893,I,63.42,D,Common Stock,S,12/20/2019
"1,600","936,219",1595893,I,63.99,D,Common Stock,S,12/20/2019
201,"53,123",1719439,D,26.02,D,Common Units,F,12/20/2019
325,325,1333516,D,8,A,Common stock,P,12/18/2019
"9,220","75,853",1595585,I,38.9,D,Common Stock,S,12/18/2019
"18,440","57,413",1595585,I,38.91,D,Common Stock,S,12/18/2019
"3,987","53,426",1595585,I,38.93,D,Common Stock,S,12/18/2019
103,"53,323",1595585,I,39.66,D,Common Stock,S,12/18/2019
,"575,321",1595585,D,,,Common Stock,,
200,"6,662",1657025,D,6.54,A,Common Stock,M,12/18/2019
200,"6,462",1657025,D,34.99,D,Common Stock,S,12/18/2019
,,1647805,6/19/2029,,"137,617",Stock Option (right to buy),,7.86
,,1647805,7/28/2029,,893,Stock Option (right to buy),,7.86
,,1647805,10/20/2029,,"11,488",Stock Option (right to buy),,8.43
,,1647805,11/19/2029,,"3,765",Stock Option (right to buy),,8.43
"1,045","7,407",1777926,D,30.35,A,Common Stock,M,12/19/2019
361,"7,046",1777926,D,30.35,D,Common Stock,F,12/19/2019
,990,1777926,I,,,Common Stock,,
"1,250","1,250",1704251,D,0,A,Common Shares,M,12/18/2019
480,770,1704251,D,52.13,D,Common Shares,F,12/18/2019
,"1,614",1704251,I,,,Common Shares,,
495,494,1768239,D,60,D,Common Stock,S,12/19/2019
"700,000","212,316",1505628,I,85.697,D,Class A Common Stock,S,12/19/2019
,"27,431",1505628,I,,,Class A Common Stock,,
"6,960","22,765.08",1702770,D,108.92,A,Common Stock,M,12/19/2019
"5,812","16,953.08",1702770,D,147.47,D,Common Stock,F,12/19/2019
"4,693","21,646.08",1702770,D,99.9,A,Common Stock,M,12/19/2019
"3,853","17,793.08",1702770,D,147.47,D,Common Stock,F,12/19/2019
,3/8/2020,1491769,3/8/2020,,132.5,Restricted Stock Units,,0
22.8621,"13,027.68",1699485,D,43.758,A,Common Stock,A,12/20/2019
,3/7/2021,1491769,3/7/2021,,131.49,Restricted Stock Units,,0
"1,000","29,640",1678229,D,8.57,A,GAIA Class A Common Stock,P,12/20/2019
,4/4/2022,1491769,4/4/2022,,157.15,Restricted Stock Units,,0
"15,942","184,057",1389170,D,0,D,Common Stock,G,12/2/2019
"700,000","212,316",1553729,D,85.697,D,Class A Common Stock,S,12/19/2019
"79,830","710,450",1633651,D,18.06,D,Class A Shares,F,12/20/2019
,"103,983",1633651,I,,,Class B Shares,,
"125,000","291,667",1727357,D,8,A,Common stock,P,12/18/2019
,"4,111,272.88",1727357,I,,,Common stock,,
"1,750","565,775",1418091,D,32.1,D,Common Stock,S,12/20/2019
"6,800","766,166",1651561,I,43.14,D,Common Stock,S,12/18/2019
"1,200","764,966",1651561,I,43.78,D,Common Stock,S,12/18/2019
,"846,302",1651561,D,,,Common Stock,,
,"10,000",1651561,I,,,Common Stock,,
,"10,000",1651561,I,,,Common Stock,,
"6,800","770,456",1651561,D,43.14,D,Common Stock,S,12/18/2019
"1,200","769,256",1651561,D,43.78,D,Common Stock,S,12/18/2019
,"842,012",1651561,I,,,Common Stock,,
,"10,000",1651561,I,,,Common Stock,,
,"10,000",1651561,I,,,Common Stock,,
"25,000","63,701",1447669,I,0,A,Class A Common Stock,C,12/18/2019
"9,838","53,863",1447669,I,98.293,D,Class A Common Stock,S,12/18/2019
"13,941","39,922",1447669,I,99.121,D,Class A Common Stock,S,12/18/2019
"1,221","38,701",1447669,I,99.7238,D,Class A Common Stock,S,12/18/2019
,"133,659",1447669,D,,,Class A Common Stock,,
"58,140","238,351",1671976,D,0,A,Common Stock,A,12/18/2019
500,0,1010506,D,13.1772,D,Common Stock,S,12/19/2019
800,0,1010506,D,8.6647,D,Common Stock,S,12/19/2019
300,0,1010506,D,11.4894,D,Common Stock,S,12/19/2019
500,0,1010506,D,13.4994,D,Common Stock,S,12/19/2019
400,0,1010506,D,11.0268,D,Common Stock,S,12/19/2019
"8,979","356,827.75",92230,D,0,A,Common Stock,G,12/18/2019
"8,979","56,131.28",92230,I,0,D,Common Stock,G,12/18/2019
,"9,801.61",92230,I,,,Common Stock,,
,"106,707.45",92230,I,,,Common Stock,,
10.6883,"17,725.83",1642221,D,43.758,A,Common Stock,A,12/20/2019
,"4,476.80",1642221,I,,,Common Stock,,
"3,587","17,983",876378,I,1.39,D,Common Stock,S,12/19/2019
"6,015","11,968",876378,I,1.44,D,Common Stock,S,12/19/2019
,"18,134",876378,I,,,Common Stock,,
,"131,102",876378,I,,,Common Stock,,
,"1,568",876378,D,,,Common Stock,,
100,0,1010506,D,20.983,D,Common Stock,S,12/19/2019
"6,578","6,578",1630472,D,0,A,Common Stock,A,12/18/2019
"146,198","381,966",1630472,D,0,A,Common Stock,A,12/18/2019
"64,571","446,537",1630472,D,0,A,Common Stock,A,12/18/2019
"23,014","23,014",1630472,D,0,A,Common Stock,A,12/18/2019
"19,980","44,908",1630472,D,0,A,Common Stock,A,12/18/2019
"9,746","22,551",1630472,D,0,A,Common Stock,A,12/18/2019
"43,859","105,207",1630472,D,0,A,Common Stock,A,12/18/2019
"23,014","23,014",1630472,D,0,A,Common Stock,A,12/18/2019
"23,438","80,372",1281774,D,0,A,,A,12/13/2019
"1,952","12,142.51",737758,D,0,A,Common Stock,A,12/18/2019
598,"11,544.51",737758,D,75.75,D,Common Stock,F,12/18/2019
,"10,524.03",737758,I,,,Common Stock,,
"1,830","24,125",737758,D,0,A,Common Stock,A,12/18/2019
560,"23,565",737758,D,75.75,D,Common Stock,F,12/18/2019
,"2,723.03",737758,I,,,Common Stock,,
,"4,837.58",737758,D,,,Performance Share Units,,
"10,619","20,301.34",737758,D,0,A,Common Stock,A,12/18/2019
"4,843","15,458.34",737758,D,75.75,D,Common Stock,F,12/18/2019
,"30,184",737758,I,,,Common Stock,,
,"19,816",737758,I,,,Common Stock,,
,716.027,737758,I,,,Common Stock,,
,"83,841.54",737758,D,,,Performance Share Units,,
"34,787","81,753.79",737758,D,0,A,Performance Share Units,A,12/18/2019
,"7,906.46",737758,D,,,Common Stock,,
,"16,254.31",737758,I,,,Common Stock,,
,"1,827.09",737758,D,,,Common Stock,,
,"4,812.44",737758,I,,,Common Stock,,
,"1,932.90",737758,D,,,Common Stock,,
,"2,023.00",737758,I,,,Common Stock,,
"3,783","14,796",737758,D,0,A,Common Stock,A,12/18/2019
"1,379","13,417",737758,D,75.75,D,Common Stock,F,12/18/2019
,"8,376.16",737758,I,,,Common Stock,,
,"33,557.97",737758,I,,,Common Stock,,
,"22,935.39",737758,D,,,Performance Share Units,,
"2,929","6,516.86",737758,D,0,A,Performance Share Units,A,12/18/2019
,"1,850.72",737758,D,,,Common Stock,,
,994.643,737758,I,,,Common Stock,,
"3,051","3,051",737758,D,0,A,Common Stock,A,12/18/2019
"1,392","1,659",737758,D,75.75,D,Common Stock,F,12/18/2019
,195.789,737758,I,,,Common Stock,,
,"35,653.21",737758,D,,,Performance Share Units,,
"1,464","5,041.60",737758,D,0,A,Common Stock,A,12/18/2019
419,"4,622.60",737758,D,75.75,D,Common Stock,F,12/18/2019
,269.062,737758,I,,,Common Stock,,
"4,882","4,882",737758,D,0,A,Performance Share Units,A,12/18/2019
,"11,879.26",737758,D,,,Common Stock,,
,"3,546.52",737758,I,,,Common Stock,,
,"36,592",98246,D,,,,,
,543,98246,I,,,,,
"7,079","7,079",737758,D,0,A,Common Stock,A,12/18/2019
"2,167","4,912",737758,D,75.75,D,Common Stock,F,12/18/2019
,309.63,737758,I,,,Common Stock,,
"19,527","29,409",1273902,D,31.25,A,Common Stock,M,12/19/2019
"19,527","9,882",1273902,D,81.2669,D,Common Stock,S,12/19/2019
,53.567,737758,I,,,Common Stock,,
,"109,805.54",737758,D,,,Performance Share Units,,
"19,957","29,839",1273902,D,20.37,A,Common Stock,M,12/19/2019
"19,957","9,882",1273902,D,80.3745,D,Common Stock,S,12/19/2019
"20,000","29,882",1273902,D,38.99,A,Common Stock,M,12/19/2019
"20,000","9,882",1273902,D,78.99,D,Common Stock,S,12/19/2019
,"193,467",1381668,D,,,Common Stock,,
,"94,644",1381668,I,,,Common Stock,,
,"8,186",1381668,I,,,Common Stock,,
,"115,738",1381668,I,,,Common Stock,,
,"20,800",1381668,I,,,Common Stock,,
,"17,800",1381668,I,,,Common Stock,,
,"7,200",1381668,I,,,Common Stock,,
,"6,200",1381668,I,,,Common Stock,,
,"5,000",1381668,I,,,Common Stock,,
,"72,000",1381668,D,,,Common Stock,,
,"9,330",1381668,I,,,Common Stock,,
,"12,770",1381668,I,,,Common Stock,,
,"48,807",1381668,D,,,Common Stock,,
,"43,235",1381668,I,,,Common Stock,,
,"8,842",1381668,I,,,Common Stock,,
,"4,700",1381668,I,,,Common Stock,,
,"2,000",1381668,I,,,Common Stock,,
"5,348","155,356",1094285,D,0,A,Common Stock,M,12/20/2019
"2,651","152,705",1094285,D,342.28,D,Common Stock,F,12/20/2019
41,"315,255",97517,D,732.03,A,Common Stock,P,12/19/2019
"5,400","130,201",1222619,D,0,D,Common Stock,G,12/18/2019
,"1,517",1222619,I,,,Common Stock,,
170,"53,443",1245010,D,0,A,COMMON STOCK,A,12/20/2019
13,"53,456",1245010,D,0,A,COMMON STOCK,A,12/20/2019
,"84,527",1750019,I,,,Common Stock,,
,"38,850",1750019,D,,,Common Stock,,
"25,588",0,1047075,D,,D,Common Stock,D,12/18/2019
"8,100","19,669",1335749,D,167.497,D,Common Stock,S,12/18/2019
,275.96,1335749,I,,,Common Stock,,
458,"89,217",1750019,I,17.006,D,Common Stock,S,12/18/2019
"2,433","191,309",1750019,I,17.006,D,Common Stock,S,12/18/2019
"6,642","82,575",1750019,I,16.4714,D,Common Stock,S,12/19/2019
"35,323","155,986",1750019,I,16.4714,D,Common Stock,S,12/19/2019
"586,153","713,723",1750019,I,0,D,Common Stock,J,12/20/2019
"13,847","161,024",1750019,I,0,D,Common Stock,J,12/20/2019
,"361,665",1750019,I,,,Common Stock,,
,"432,319",1750019,I,,,Common Stock,,
,"330,238",1750019,I,,,Common Stock,,
"2,437","17,556",1777936,D,30.35,A,Common Stock,M,12/19/2019
842,"16,714",1777936,D,30.35,D,Common Stock,F,12/19/2019
,"1,384",1777936,I,,,Common Stock,,
"135,300","4,151,912",1200461,I,5.4568,D,Common Stock,S,12/18/2019
,"754,316",1200461,I,,,Common Stock,,
,"15,166,858",1200461,D,,,Common Stock,,
"3,093","6,169",1606088,D,0,A,Class A Common Stock,A,12/19/2019
"1,699","55,805",1469367,D,14.5888,D,Common Stock,S,12/19/2019
"3,136","44,250",1469367,D,14.55,D,Common Stock,S,12/19/2019
"22,300","12,080,155",351834,I,2.4299,A,Common Stock,P,12/19/2019
"25,000","12,105,155",351834,I,2.4299,A,Common Stock,P,12/19/2019
"5,098","89,643",1514705,D,0,A,Common Stock,A,12/18/2019
"249,064","2,102,224",1297857,D,0,A,Common Stock,A,12/18/2019
"40,000","60,000",1769077,D,0,A,Class A Common Stock,A,12/11/2019
"29,114","99,176",1487805,D,16.64,A,Common Stock,M,12/20/2019
"15,000","84,176",1487805,D,16.62,D,Common Stock,S,12/20/2019
13.9121,"3,793.25",1708297,D,35.94,A,ACNB Corporation Common,P,12/13/2019
"10,000","10,000",1591210,D,7.1,A,Common Stock,P,12/19/2019
159.9889,"36,084.28",1343134,D,35.94,A,ACNB Corporation Common,A,12/13/2019
,"37,799",1343134,I,,,ACNB Corporation Common,,
"3,375","3,375",1785732,D,0,A,Common Shares,M,12/18/2019
"1,531","1,844",1785732,D,52.13,D,Common Shares,F,12/18/2019
,"7,601",1343134,I,,,ACNB Corporation Common,,
705,"74,757",1576942,D,25.63,D,Class A Common Stock,F,12/18/2019
"3,093","6,169",1576942,D,0,A,Class A Common Stock,A,12/19/2019
,"17,533",1576942,I,,,Class A Common Stock,,
"2,669","54,028",1576942,D,25.63,D,Class A Common Stock,F,12/18/2019
"36,298","36,298",1576942,I,0,A,Class A Common Stock,C,12/19/2019
"36,298",0,1576942,I,0,D,Class A Common Stock,G,12/19/2019
"10,241","40,930",1681908,D,16.64,A,Common Stock,M,12/20/2019
"1,297","185,222",1673606,D,151.54,D,Common Stock,S,12/20/2019
"2,632","215,068.97",1412502,D,0,D,Common Shares,G,12/19/2019
"1,394","9,394",1746277,D,0,A,Class A common stock,C,12/18/2019
"39,011","48,405",1746277,D,0,A,Class A common stock,C,12/18/2019
"91,574","139,979",1746277,D,0,A,Class A common stock,C,12/18/2019
"341,196","481,175",1746277,D,0,A,Class A common stock,C,12/18/2019
"473,175","8,000",1746277,D,6.5543,D,Class A common stock,S,12/19/2019
300,"15,542.74",1692115,D,76.5383,D,Common Stock,S,12/20/2019
,"4,954.12",1692115,I,,,Common Stock,,
500,"156,112",1499453,D,23.0821,D,Common Stock,S,12/18/2019
,32.071,1692115,I,,,Common Stock,,
500,"304,540",1499453,D,23.0505,D,Common Stock,S,12/18/2019
"35,715","74,008",1545197,D,0,A,Common Stock,A,12/18/2019
"23,256","189,724",1615444,D,0,A,Common Stock,A,12/18/2019
,"14,049",1615444,I,,,Common Stock,,
"31,513","2,400,304",1564408,D,15.05,D,Class A Common Stock,S,12/19/2019
"2,853","10,872",1645738,D,0,A,Common Stock,A,12/18/2019
"31,108","2,215,261",1564408,D,15.05,D,Class A Common Stock,S,12/19/2019
"99,945",0,1309776,D,,D,Common Stock,D,12/20/2019
264,"30,834",1510427,D,11.4,D,Common Stock,G,11/26/2019
"35,715","35,715",1529628,D,0,A,,A,12/18/2019
"35,715","10,884,730",1529628,I,0,A,,A,12/18/2019
"35,715","35,715",1529628,D,0,A,,A,12/18/2019
"35,715","82,569",1529628,D,0,A,Common Stock,A,12/18/2019
"71,430","10,920,445",1529628,I,0,A,,A,12/18/2019
"35,715","1,152,982",1529628,D,0,A,Common Stock,A,12/18/2019
"119,047","301,041",1529628,D,0,A,Common Stock,A,12/18/2019
"79,365","203,996",1529628,D,0,A,Common Stock,A,12/18/2019
,"448,738",1529628,I,,,Common Stock,,
"2,300","161,147",1764925,D,21.09,D,Class A Common Stock,S,12/18/2019
200,"160,947",1764925,D,21.4,D,Class A Common Stock,S,12/18/2019
"1,045","159,955",1764925,I,20.98,D,Class A Common Stock,S,12/18/2019
455,"159,500",1764925,I,21.31,D,Class A Common Stock,S,12/18/2019
"9,973","333,608",1742587,D,61.6144,D,Common Stock,S,12/18/2019
825,"332,783",1742587,D,62.4879,D,Common Stock,S,12/18/2019
"1,702","331,081",1742587,D,63.3141,D,Common Stock,S,12/18/2019
912,"15,364",1650729,D,5.5,A,Common Stock,M,12/18/2019
912,"14,452",1650729,D,88.33,D,Common Stock,S,12/18/2019
"9,088","23,540",1650729,D,5.5,A,Common Stock,M,12/18/2019
"9,088","14,452",1650729,D,88.54,D,Common Stock,S,12/18/2019
"195,888","810,889",1777164,D,28.035,D,Class A Common Stock,S,12/18/2019
"192,831","618,058",1777164,D,28.48,D,Class A Common Stock,S,12/19/2019
,"2,987,331",1777164,D,,,Class A Common Stock,,
"195,888","810,889",1777164,D,28.035,D,Class A Common Stock,S,12/18/2019
"192,831","618,058",1777164,D,28.48,D,Class A Common Stock,S,12/19/2019
,"2,987,331",1777164,D,,,Class A Common Stock,,
159.9889,"29,784.26",1491265,D,35.94,A,ACNB Corporation Common,A,12/13/2019
,"1,500",1491265,I,,,ACNB Corporation Common,,
,26,1491265,I,,,ACNB Corporation Common,,
,"1,656.56",1491265,I,,,ACNB Corporation Common,,
"7,628","89,410",1397702,D,4.73,A,Common Stock,M,12/18/2019
,"13,518",1397702,I,,,Common Stock,,
242,"98,503",1328855,D,26.02,D,Common Units,F,12/20/2019
"5,137",0,1527033,D,,D,Common Stock,D,12/20/2019
"8,205","138,898",1611148,D,19.1295,D,Common Stock,S,12/18/2019
"8,990","8,990",1527033,D,,A,Common Stock,A,12/20/2019
"14,483","23,473",1527033,D,,A,Common Stock,A,12/20/2019
"3,477","95,647",1468666,D,14.9,D,Class A Common Stock,F,12/19/2019
"5,000","720,666",1137789,I,59.1025,D,Ordinary Shares,S,12/18/2019
79.9944,"18,200.79",1710898,D,35.94,A,ACNB Corporation Common,A,12/13/2019
,"10,292.48",1710898,I,,,ACNB Corporation Common,,
"1,808","176,970",1463486,D,12.93,D,Common Stock,F,12/18/2019
,"25,820",1463486,I,,,Common Stock,,
"10,601","99,273",1527449,D,0,A,Common Stock,A,12/18/2019
"5,408","93,865",1527449,D,7.83,D,Common Stock,F,12/18/2019
,"69,872",1742271,D,,,Common Stock,,
"5,000","64,872",1742271,D,50,D,Common Stock,S,12/20/2019
,"226,460",1742271,I,,,Common Stock,,
"5,000","221,460",1742271,I,50,D,Common Stock,S,12/20/2019
,,1702287,10/29/2025,"19,000",,Employee Stock Option (right to buy),,13.62
,,1702287,12/17/2026,,"12,667",Employee Stock Option (right to buy),,2.45
,,1702287,3/15/2026,"5,000",,Employee Stock Option (right to buy),,9.89
,,1702287,12/17/2026,,"3,333",Employee Stock Option (right to buy),,2.45
,,1702287,8/31/2026,"20,000",,Employee Stock Option (right to buy),,11.11
,,1702287,12/17/2026,,"13,333",Employee Stock Option (right to buy),,2.45
,,1702287,3/30/2027,"55,000",,Employee Stock Option (right to buy),,7.8
,,1702287,12/17/2026,,"32,592",Employee Stock Option (right to buy),,2.45
,,1702287,12/17/2026,,"4,075",Employee Stock Option (right to buy),,2.45
,3/8/2020,1329851,3/8/2020,,82.82,Restricted Stock Units,,0
,3/7/2021,1329851,3/7/2021,,82.18,Restricted Stock Units,,0
,4/4/2022,1329851,4/4/2022,,98.22,Restricted Stock Units,,0
639,639,1597141,D,0,A,Common Stock,A,12/20/2019
"23,000","500,653",1397362,D,0.5125,A,Common Stock,M,12/19/2019
957,"499,696",1397362,D,12.31,D,Common Stock,F,12/19/2019
"3,891","11,616",1710351,D,,A,Class A Common Stock,M,12/18/2019
"75,000","191,395",1704710,D,0,A,Common Stock,A,12/20/2019
"5,308","72,805",1010612,D,29.36,A,Common Stock,M,12/19/2019
"4,192","68,613",1010612,D,37.18,D,Common Stock,D,12/19/2019
440,"68,173",1010612,D,37.18,D,Common Stock,F,12/19/2019
"5,308","73,481",1010612,D,29.36,A,Common Stock,M,12/19/2019
"4,192","69,289",1010612,D,37.18,D,Common Stock,D,12/19/2019
440,"68,849",1010612,D,37.18,D,Common Stock,F,12/19/2019
"4,044","66,699",1010612,D,19.77,A,Common Stock,M,12/19/2019
"2,151","64,548",1010612,D,37.18,D,Common Stock,D,12/19/2019
746,"63,802",1010612,D,37.18,D,Common Stock,F,12/19/2019
"4,044","67,846",1010612,D,19.77,A,Common Stock,M,12/19/2019
"2,151","65,695",1010612,D,37.18,D,Common Stock,D,12/19/2019
746,"64,949",1010612,D,37.18,D,Common Stock,F,12/19/2019
"4,044","68,993",1010612,D,19.77,A,Common Stock,M,12/19/2019
"2,151","66,842",1010612,D,37.18,D,Common Stock,D,12/19/2019
746,"66,096",1010612,D,37.18,D,Common Stock,F,12/19/2019
"3,126","61,240",1010612,D,18.67,A,Common Stock,M,12/19/2019
"1,570","59,670",1010612,D,37.18,D,Common Stock,D,12/19/2019
613,"59,057",1010612,D,37.18,D,Common Stock,F,12/19/2019
"4,964","73,813",1010612,D,28.15,A,Common Stock,M,12/19/2019
"3,759","70,054",1010612,D,37.18,D,Common Stock,D,12/19/2019
"4,789","65,732",1010612,D,15.25,A,Common Stock,M,12/19/2019
"1,965","63,767",1010612,D,37.18,D,Common Stock,D,12/19/2019
"3,127","62,184",1010612,D,18.67,A,Common Stock,M,12/19/2019
"1,571","60,613",1010612,D,37.18,D,Common Stock,D,12/19/2019
613,"60,000",1010612,D,37.18,D,Common Stock,F,12/19/2019
"3,127","63,127",1010612,D,18.67,A,Common Stock,M,12/19/2019
"1,571","61,556",1010612,D,37.18,D,Common Stock,D,12/19/2019
475,"69,579",1010612,D,37.18,D,Common Stock,F,12/19/2019
"1,112","62,655",1010612,D,37.18,D,Common Stock,F,12/19/2019
613,"60,943",1010612,D,37.18,D,Common Stock,F,12/19/2019
"4,179","70,275",1010612,D,30.32,A,Common Stock,M,12/19/2019
"3,408","66,867",1010612,D,37.18,D,Common Stock,D,12/19/2019
304,"66,563",1010612,D,37.18,D,Common Stock,F,12/19/2019
"4,179","70,742",1010612,D,30.32,A,Common Stock,M,12/19/2019
"3,408","67,334",1010612,D,37.18,D,Common Stock,D,12/19/2019
304,"67,030",1010612,D,37.18,D,Common Stock,F,12/19/2019
"4,180","71,210",1010612,D,30.32,A,Common Stock,M,12/19/2019
"3,409","67,801",1010612,D,37.18,D,Common Stock,D,12/19/2019
304,"67,497",1010612,D,37.18,D,Common Stock,F,12/19/2019
"4,243","10,944",1010612,D,28.15,A,Common Stock,M,12/19/2019
"3,213","7,731",1010612,D,37.18,D,Common Stock,D,12/19/2019
354,"7,377",1010612,D,37.18,D,Common Stock,F,12/19/2019
"4,537","9,986",1010612,D,29.36,A,Common Stock,M,12/19/2019
"3,583","6,403",1010612,D,37.18,D,Common Stock,D,12/19/2019
328,"6,075",1010612,D,37.18,D,Common Stock,F,12/19/2019
"4,537","10,612",1010612,D,29.36,A,Common Stock,M,12/19/2019
"3,583","7,029",1010612,D,37.18,D,Common Stock,D,12/19/2019
328,"6,701",1010612,D,37.18,D,Common Stock,F,12/19/2019
"3,572","7,725",1010612,D,30.32,A,Common Stock,M,12/19/2019
"2,913","4,812",1010612,D,37.18,D,Common Stock,D,12/19/2019
227,"4,585",1010612,D,37.18,D,Common Stock,F,12/19/2019
"3,572","8,157",1010612,D,30.32,A,Common Stock,M,12/19/2019
"2,913","5,244",1010612,D,37.18,D,Common Stock,D,12/19/2019
227,"5,017",1010612,D,37.18,D,Common Stock,F,12/19/2019
"3,573","8,385",1010612,D,30.32,A,Common Stock,M,12/19/2019
"2,914","5,471",1010612,D,37.18,D,Common Stock,D,12/19/2019
227,"5,244",1010612,D,37.18,D,Common Stock,F,12/19/2019
"3,198","5,302",1010612,D,25.06,A,Common Stock,M,12/19/2019
"2,156","3,146",1010612,D,37.18,D,Common Stock,D,12/19/2019
359,"2,787",1010612,D,37.18,D,Common Stock,F,12/19/2019
"3,198","5,985",1010612,D,25.06,A,Common Stock,M,12/19/2019
"2,156","3,829",1010612,D,37.18,D,Common Stock,D,12/19/2019
359,"3,470",1010612,D,37.18,D,Common Stock,F,12/19/2019
"3,198","6,668",1010612,D,25.06,A,Common Stock,M,12/19/2019
"2,156","4,512",1010612,D,37.18,D,Common Stock,D,12/19/2019
359,"4,153",1010612,D,37.18,D,Common Stock,F,12/19/2019
461,"119,652",1242351,D,11.08,D,Common Stock,F,12/19/2019
,"1,500",811808,I,,,Common Stock,,
,"4,109",811808,I,,,Common Stock,,
"2,882","87,250",811808,D,27.35,D,Common Stock,S,12/20/2019
34.3274,"4,941.36",1081716,D,17.0237,A,,P,12/13/2019
"1,774.57","6,715.93",1081716,D,17.6099,A,,P,12/19/2019
,"807,530",1081716,I,,,,,
639,639,94344,D,0,A,Common Stock,A,12/20/2019
"3,700","52,517",1254073,I,1.5224,A,Common Stock,P,12/18/2019
900,"53,417",1254073,I,1.52,A,Common Stock,P,12/18/2019
"5,300","58,717",1254073,I,1.54,A,Common Stock,P,12/18/2019
"1,000","59,717",1254073,I,1.49,A,Common Stock,P,12/19/2019
"4,400","64,117",1254073,I,1.493,A,Common Stock,P,12/19/2019
"12,951","77,068",1254073,I,1.5,A,Common Stock,P,12/19/2019
,"440,000",1254073,I,,,Common Stock,,
,"20,500",1254073,I,,,Common Stock,,
,"2,481",1710919,I,,,Common Stock,,
"1,324","12,064",1710919,D,20.95,A,Common Stock,A,12/20/2019
"25,588",0,1193798,D,,D,Common Stock,D,12/18/2019
"2,000","2,000",1285613,D,21.0402,A,Class A Common Stock,P,12/6/2019
"4,514","44,904",1050825,D,21.91,D,Class A Common Stock,S,12/20/2019
"10,000","688,709",900729,I,120.0072,D,,S,12/20/2019
,"154,091",900729,D,,,,,
41,"61,534",1402436,I,60.97,A,Common Stock,P,12/19/2019
"25,000","77,026",88205,D,12.36,A,Common Stock,M,12/20/2019
"25,000","52,026",88205,D,50.94,D,Common Stock,S,12/20/2019
,"1,357",88205,I,,,Common Stock,,
306,"50,104",1353283,D,150,D,Common Stock,S,12/19/2019
"9,586.72","20,211.93",1038255,I,15,A,,P,12/20/2019
,"11,251.25",1038255,D,,,,,
,"18,635.15",1038255,I,,,,,
"1,025,454","1,236,147.07",92122,D,41.28,A,Southern Company Common Stock,M,12/19/2019
"831,700","404,447.07",92122,D,62.99,D,Southern Company Common Stock,S,12/19/2019
"714,297","1,118,744.07",92122,D,44.06,A,Southern Company Common Stock,M,12/19/2019
"637,454","481,290.07",92122,D,62.99,D,Southern Company Common Stock,S,12/19/2019
"597,345","1,078,635.07",92122,D,44.42,A,Southern Company Common Stock,M,12/19/2019
"597,345","481,290.07",92122,D,62.99,D,Southern Company Common Stock,S,12/19/2019
,"11,713.90",92122,I,,,Southern Company Common Stock,,
22.7529,42,1090009,D,43.95,A,Common Stock,P,12/18/2019
"1,315","578,336.54",1077961,D,0,D,Common Shares,G,9/13/2019
"1,315","22,310.89",1077961,I,0,A,Common Shares,G,9/13/2019
,"72,093",1077961,I,,,Common Shares,,
,"102,765.83",1077961,I,,,Common Shares,,
,"477,798",1077961,I,,,Common Shares,,
,"477,798",1077961,I,,,Common Shares,,
600,"647,115",1105078,D,0,D,Common Shares,G,12/17/2019
600,"646,515",1105078,D,0,D,Common Shares,G,12/17/2019
600,"96,517.29",1105078,I,0,A,Common Shares,G,12/17/2019
"3,480,969","15,321,635",1693908,D,0.75,A,COMMON STOCK,A,12/20/2019
,"4,847,226",1693908,I,,,COMMON STOCK,,
,"24,976.92",1105078,I,,,Common Shares,,
,"477,796",1105078,I,,,Common Shares,,
,"100,000",1105078,I,,,Common Shares,,
,"477,798",1105078,I,,,Common Shares,,
,"477,798",1105078,I,,,Common Shares,,
"18,773","303,762",1284323,D,0,D,Common Stock,G,12/20/2019
,"18,773",1284323,I,,,Common Stock,,
"1,875","601,939",1032553,D,40.949,D,Common Stock,S,12/18/2019
"1,875","600,064",1032553,D,41.561,D,Common Stock,S,12/19/2019
"2,000","189,932",1079218,D,7.0365,A,,P,12/18/2019
"1,368","191,300",1079218,D,6.9697,A,,P,12/19/2019
"1,657","192,957",1079218,D,6.9862,A,,P,12/20/2019
"7,500","325,774",1219402,D,21.37,D,Common Stock,S,12/18/2019
,7/13/2012,318673,4/13/2022,,"4,221",Employee Stock Option (right to buy),,1.09
,3/6/2014,318673,12/6/2023,,"4,020",Employee Stock Option (right to buy),,3.56
,10/24/2014,318673,7/2/2024,,"3,829",Employee Stock Option (right to buy),,3.34
,3/5/2015,318673,12/5/2024,,"7,658",Employee Stock Option (right to buy),,3.89
,3/4/2016,318673,12/4/2025,,"12,155",Employee Stock Option (right to buy),,5.47
,3/2/2017,318673,12/2/2026,,"5,789",Employee Stock Option (right to buy),,6.03
,3/1/2018,318673,12/1/2027,,"11,025",Employee Stock Option (right to buy),,4.56
,3/6/2020,318673,12/6/2029,,"10,000",Employee Stock Option (right to buy),,5.46
"1,177","23,776",318673,D,5.24,D,Class A Common Stock,G,11/21/2019
"3,764","7,805",1428875,D,0,A,Common Stock,M,12/19/2019
"1,472","6,333",1428875,D,38.1865,D,Common Stock,F,12/20/2019
"8,000","15,776",318673,D,6.03,D,Class A Common Stock,G,12/17/2019
"12,763","156,645",318673,D,3.89,A,Class A Common Stock,M,12/6/2019
"9,093","147,552",318673,D,5.46,D,Class A Common Stock,F,12/6/2019
"9,239","256,360",1012100,D,40,D,Common Stock,S,12/19/2019
,"6,553",1012100,I,,,Common Stock,,
"58,140","235,351",1019671,D,0,A,Common Stock,A,12/18/2019
"90,000","207,287",1431322,D,3.42,A,Common Stock,M,12/18/2019
"96,922","304,209",1431322,D,7.95,A,Common Stock,M,12/18/2019
"64,124","368,333",1431322,D,2.51,A,Common Stock,M,12/18/2019
"100,000","468,333",1431322,D,1.79,A,Common Stock,M,12/18/2019
"178,495","289,838",1431322,D,20.11,D,Common Stock,F,12/18/2019
79.9944,"3,997.29",1271302,D,35.94,A,ACNB Corporation Common,A,12/13/2019
,"5,100",1271302,I,,,ACNB Corporation Common,,
"196,000","74,996,921",923738,I,0,D,Common Stock,G,12/19/2019
,"44,025",923738,I,,,Common Stock,,
,"32,609,941",923738,I,,,Common Stock,,
,"16,073,345.33",923738,I,,,Common Stock,,
"509,331",0,922612,D,3.25,D,Common Stock,S,12/17/2019
"15,000","30,009",1773184,D,2.52,A,Common Stock,M,12/18/2019
"7,706","22,303",1773184,D,20.11,D,Common Stock,F,12/18/2019
"5,000","119,101",1228532,D,98,D,Common Stock,S,12/20/2019
"16,665","104,955",1383828,D,7.227,D,,S,12/19/2019
,"7,000",1383828,I,,,,,
,132,1383828,I,,,,,
"22,681","30,270,029",1108524,D,162.0488,D,Common Stock,S,12/18/2019
,"13,918",767405,D,,,COMMON STOCK,,
,"11,679",767405,I,,,COMMON STOCK,,
"5,000","31,162",767405,D,6.98,A,COMMON STOCK,M,12/17/2019
,"10,538",767405,D,,,COMMON STOCK,,
"21,229","30,248,800",1108524,D,162.9022,D,Common Stock,S,12/18/2019
"1,862","30,246,938",1108524,D,161.4953,D,Common Stock,S,12/19/2019
"3,138","30,243,800",1108524,D,162.7227,D,Common Stock,S,12/19/2019
"3,477","30,240,323",1108524,D,164.4141,D,Common Stock,S,12/20/2019
"1,523","30,238,800",1108524,D,164.7961,D,Common Stock,S,12/20/2019
"175,478","3,611,361",1477067,D,0,D,,D,12/18/2019
"3,611,361",0,1477067,D,0,D,,J,12/18/2019
"9,635","168,620",1050606,D,1.45,A,Class A Common Stock,P,12/19/2019
"9,635","178,255",1050606,D,1.43,A,Class A Common Stock,P,12/20/2019
,"25,000",1050606,I,,,Class A Common Stock,,
,"3,499,324",1050606,I,,,Class A Common Stock,,
,"1,090,078",1050606,I,,,Class A Common Stock,,
"80,000","278,737",1701121,D,1.25,A,Common Stock,P,12/19/2019
"9,231","27,287",1540041,D,105.06,D,Common Stock,S,12/19/2019
"15,885","11,402",1540041,D,105.0174,D,Common Stock,S,12/19/2019
,"3,796.39",1653384,D,,,,,
"9,586.72","20,211.93",1653384,I,15,A,,P,12/20/2019
"2,157,011.48","13,743,840.67",1653384,D,15,A,,P,12/20/2019
"1,250","167,156",1654450,D,,A,Common Stock,M,12/18/2019
356,"166,800",1654450,D,1.81,D,Common Stock,F,12/18/2019
"20,000","403,619",1443849,D,1.25,A,Common Stock,P,12/19/2019
"3,099","186,752",1356771,D,69.83,D,Common Stock,F,12/19/2019
"3,200","11,350",1746421,D,0,A,Common Stock 15346Q 400,A,12/18/2019
"75,000","170,000",1545202,I,1.43,A,Class B Common Shares,C,12/18/2019
"251,489","672,407",1545202,I,1.43,A,Class A Common Shares,C,12/18/2019
,"9,000",1545202,D,,,Class A Common Shares,,
"6,728",268,1366580,D,149.8,D,Class A Common Stock,S,12/19/2019
,"21,732",1366580,D,,,Class A Common - Performance Share Units,,
,"8,449",1366580,D,,,Class A Common - Restricted Stock Units,,
,"4,266",1366580,I,,,Class A Common Stock,,
"7,000","439,674",1616262,D,8.82,D,Common,G,12/17/2019
,"44,759",1616262,I,,,Common,,
"36,919,967","37,404,967",1635088,D,10,A,,J,12/18/2019
333,"2,333",1616262,D,0,A,Common,A,8/28/2019
335,"2,668",1616262,D,0,A,Common,A,8/30/2019
"1,435","4,103",1616262,D,0,A,Common,A,12/20/2019
101,"16,970",1697536,D,7.46,D,Common Stock,F,12/18/2019
851,"62,449",1773027,D,12.93,D,Common Stock,F,12/18/2019
"4,000","152,789",1335704,D,0,D,Common Stock,G,12/4/2019
211,"19,535",1384905,D,166.39,D,Class A Common Stock,S,12/18/2019
100,"19,435",1384905,D,167.39,D,Class A Common Stock,S,12/18/2019
100,"19,335",1384905,D,168.59,D,Class A Common Stock,S,12/18/2019
"20,000","25,000",1063537,D,1.25,A,Common Stock,P,12/19/2019
"80,000","215,232",1063537,D,1.25,A,Common Stock,P,12/19/2019
"16,000","139,767",1063537,D,1.25,A,Common Stock,P,12/19/2019
"3,200,000","10,649,068",1063537,D,1.25,A,Common Stock,P,12/19/2019
"34,640","40,190",1788632,D,0,A,Common Stock,A,12/18/2019
"10,000","10,000",1393945,D,1.6,A,Common Stock,P,12/19/2019
"2,035","2,035",1306860,D,0,A,Common Stock,A,12/18/2019
"1,163","77,369",1222650,D,24.21,A,Common Stock,A,12/18/2019
"2,500","22,070",882835,D,73.56,A,Common Stock,M,12/19/2019
"2,500","19,570",882835,D,352.4633,D,Common Stock,S,12/19/2019
,145,882835,I,,,Common Stock,,
"423,788","662,623",1250105,D,2.2,A,Common Stock,P,12/20/2019
159.9889,"11,256.65",1271301,D,35.94,A,ACNB Corporation Common,A,12/13/2019
,"3,322.88",1271301,I,,,ACNB Corporation Common,,
"7,797","25,299",1687221,D,0,A,Restricted Stock Unit,A,12/18/2019
"2,300","6,618",1528849,D,0,D,Common Stock,G,12/19/2019
"29,240","94,137",1687221,D,0,A,Common Stock,A,12/18/2019
"7,797","19,713",1687221,D,0,A,Restricted Stock Unit,A,12/18/2019
"48,536","153,061",1687221,D,0,A,Common Stock,A,12/18/2019
"26,900","67,540",1687221,D,0,A,Common Stock,A,12/18/2019
"11,779","99,094",1240439,D,0,D,Common Stock,G,12/19/2019
,989,1240439,I,,,Common Stock,,
"47,652","143,835",930236,D,16.64,A,Common Stock,M,12/20/2019
"46,622",0,938683,D,,D,Common Stock,D,12/20/2019
"225,000","934,387",1436861,D,3.42,A,Common Stock,M,12/18/2019
"302,422","1,236,809",1436861,D,7.95,A,Common Stock,M,12/18/2019
"285,075","1,521,884",1436861,D,6.7,A,Common Stock,M,12/18/2019
"360,000","1,881,884",1436861,D,1.79,A,Common Stock,M,12/18/2019
"646,639","1,235,245",1436861,D,20.11,D,Common Stock,F,12/18/2019
"6,600","51,360",1503274,D,2.28,A,Common Stock,M,12/18/2019
"130,018",0,1481326,D,,D,Common Stock,D,12/20/2019
"1,901","38,338",1036188,D,51.05,D,Class A Common Stock,F,12/19/2019
79.9944,"4,047.29",1350905,D,35.94,A,ACNB Corporation Common,A,12/13/2019
"1,650","1,650",1481798,I,0,A,Common Stock 15346Q 400,A,12/18/2019
,"531,299",1481798,I,,,Common Stock 15346Q 400,,
,"5,473",1534753,D,,,Class A Common Stock,,
,"91,232",1534753,D,,,Class C Capital Stock,,
"23,002","23,002",1534753,D,0,A,Class C Google Stock Units,A,12/19/2019
"92,005","92,005",1534753,D,0,A,Class C Google Stock Units,A,12/19/2019
,"17,083",1534753,D,,,Class C Google Stock Units,,
206,"45,075",1596282,D,26.02,D,Common Units,F,12/20/2019
477,"66,357",1338943,D,20.95,A,Common Stock,A,12/20/2019
,300,1338943,I,,,Common Stock,,
,"2,481",1338943,I,,,Common Stock,,
,"6,846,064",1535326,I,,,Common Stock,,
"5,915","5,915",1535326,D,35.75,A,Common Stock,M,12/19/2019
"5,915",0,1535326,D,70.0136,D,Common Stock,S,12/19/2019
"15,000","27,737,464",1507610,D,0.2899,A,Common Stock,P,12/18/2019
"18,000","27,737,464",1507610,D,0.292,A,Common Stock,P,12/20/2019
"5,000","263,920",1745916,I,33.74,D,Common Stock,S,12/18/2019
"5,000","258,920",1745916,I,33.85,D,Common Stock,S,12/19/2019
,"12,074",1745916,D,,,Common Stock,,
"1,750","292,926",1636286,I,30.6396,D,Common Shares,S,12/18/2019
"2,000","290,926",1636286,I,30.6266,D,Common Shares,S,12/18/2019
159.9889,"3,776.72",1563113,D,35.94,A,ACNB Corporation Common,A,12/13/2019
500,"524,754",56868,D,151.16,D,,S,12/19/2019
500,"524,254",56868,D,151.5,D,,S,12/19/2019
500,"523,754",56868,D,151.29,D,,S,12/19/2019
250,250,1357874,D,12.09,A,Common Stock,P,12/19/2019
"2,235","2,485",1357874,D,12.08,A,Common Stock,P,12/19/2019
100,"34,821",784011,I,90.75,A,Limited Partnership Units,P,12/18/2019
,,1214130,6/19/2029,,"137,617",Stock Option (right to buy),,7.86
,,1214130,7/28/2029,,893,Stock Option (right to buy),,7.86
,,1214130,10/20/2029,,"11,488",Stock Option (right to buy),,8.43
,,1214130,11/19/2029,,"3,765",Stock Option (right to buy),,8.43
"1,709","180,447",56868,D,152.69,D,,S,12/18/2019
600,"35,421",784011,I,91.96,A,Limited Partnership Units,P,12/18/2019
600,"36,021",784011,I,94.39,A,Limited Partnership Units,P,12/19/2019
,"2,836",784011,I,,,Limited Partnership Units,,
,"28,911",784011,I,,,Limited Partnership Units,,
,"188,648",784011,I,,,Limited Partnership Units,,
,"6,521",784011,I,,,Limited Partnership Units,,
,170,784011,I,,,Limited Partnership Units,,
,600,784011,I,,,Limited Partnership Units,,
,"147,652",784011,D,,,Limited Partnership Units,,
"2,917","499,679",833640,I,97.2749,D,Common Stock,S,12/20/2019
,"102,842",784011,I,,,Limited Partnership Units,,
,"21,879",784011,I,,,Limited Partnership Units,,
,"23,641",1626115,I,,,Class A Common Stock,,
"3,616","24,206",1626115,D,0,D,Class A Common Stock,G,10/31/2019
599,"38,738",1190987,D,3.05,D,Common Stock,S,12/18/2019
"18,738","20,000",1190987,D,3.0863,D,Common Stock,S,12/19/2019
,"1,600",1190987,I,,,Common Stock,,
"5,000","25,000",1683306,D,1.64,D,Common Stock,S,12/19/2019
"3,468","3,468",77159,D,0,A,Common Stock,A,12/20/2019
,"10,170.27",76334,I,,,Common Stock,,
290,"2,122",76334,D,0,D,Common Stock,G,12/19/2019
145,145,76334,I,0,A,Common Stock,G,12/19/2019
"79,428",0,1020949,D,,D,Common Stock,D,12/20/2019
17.0586,"1,742.19",1770366,D,17.0237,A,,P,12/13/2019
887.285,"2,629.47",1770366,D,17.6099,A,,P,12/19/2019
"3,351,542","42,397,080",1326533,D,,A,,M,12/18/2019
500,"2,309,989",1569590,I,8.93,A,,P,12/18/2019
"3,500","2,313,489",1569590,I,8.9,A,,P,12/19/2019
"2,336","49,292",1568078,D,73.49,D,Common Stock,S,12/19/2019
,"3,068,951",944809,D,,,Common Stock,,
"50,000","168,519,729",944809,I,1.465,A,Common Stock,P,12/19/2019
"4,300","168,524,029",944809,I,1.495,A,Common Stock,P,12/19/2019
"45,700","168,569,729",944809,I,1.5,A,Common Stock,P,12/19/2019
,"30,127,177",944809,I,,,Common Stock,,
,"20,091,062",944809,I,,,Common Stock,,
206,"79,925",1456895,D,26.02,D,Common Units,F,12/20/2019
"25,588",0,1017974,D,,D,Common Stock,D,12/18/2019
"20,000","209,826",1722010,D,2.85,A,Common Stock,M,12/19/2019
"5,672","204,154",1722010,D,10.05,D,Common Stock,F,12/19/2019
"58,000","4,340,003",1299239,I,4.0195,D,Common Stock,S,12/18/2019
"22,000","4,318,003",1299239,I,4.2618,D,Common Stock,S,12/19/2019
"8,354","4,309,649",1299239,I,4.339,D,Common Stock,S,12/20/2019
"38,320","257,695",1226425,D,5.23,A,Common Stock,M,12/18/2019
"31,066","226,629",1226425,D,6.45,D,Common Stock,F,12/18/2019
"8,459.43",0,1297704,D,,D,Common Stock,D,12/18/2019
"816,401.59",0,1297704,D,,D,Common Stock,D,12/18/2019
"11,000","196,248",1556891,D,0,A,Common Stock 15346Q 400,A,12/18/2019
,"2,779",1556891,I,,,Common Stock 15346Q 400,,
,"5,454",1556891,I,,,Common Stock 15346Q 400,,
399,"155,670",1110805,D,26.02,D,Common Units,F,12/20/2019
773,"239,836",1110805,D,26.02,D,Common Units,F,12/20/2019
"4,350","7,536.66",1394155,D,425.11,A,Common Stock,M,12/19/2019
"3,950","11,486.66",1394155,D,507.79,A,Common Stock,M,12/19/2019
"2,350","13,836.66",1394155,D,371.47,A,Common Stock,M,12/19/2019
100,"13,736.66",1394155,D,"1,219.24",D,Common Stock,S,12/19/2019
900,"12,836.66",1394155,D,"1,217.66",D,Common Stock,S,12/19/2019
"1,141","11,695.66",1394155,D,"1,216.31",D,Common Stock,S,12/19/2019
"1,400","10,295.66",1394155,D,"1,218.56",D,Common Stock,S,12/19/2019
"1,709","8,586.66",1394155,D,"1,214.13",D,Common Stock,S,12/19/2019
"2,100","6,486.66",1394155,D,"1,213.32",D,Common Stock,S,12/19/2019
"3,300","3,186.66",1394155,D,"1,215.28",D,Common Stock,S,12/19/2019
"3,048","3,048",849399,D,0,A,Common Stock,A,12/19/2019
79.9944,"6,441.70",1549564,D,35.94,A,ACNB Corporation Common,A,12/13/2019
,253,1549564,I,,,ACNB Corporation Common,,
"124,473","244,351",1730879,D,0,A,,A,12/18/2019
"54,024","190,327",1730879,D,11.05,D,,F,12/18/2019
,"42,758",1730879,I,,,,,
"12,616",0,1404644,D,0,D,Series A Preferred Stock,C,11/12/2019
"1,261,600","2,079,639",1404644,D,0,A,Common Stock,C,11/12/2019
"119,047","2,198,686",1404644,D,8.4,A,Common Stock,P,12/20/2019
"9,156","9,156",1755882,D,0,A,Common Stock,A,12/18/2019
"8,000","13,894",1045810,D,14.48,A,Common Stock,M,12/18/2019
"2,281","11,613",1045810,D,229.9672,D,Common Stock,S,12/18/2019
"5,288","6,325",1045810,D,230.9695,D,Common Stock,S,12/18/2019
431,"5,894",1045810,D,231.5097,D,Common Stock,S,12/18/2019
"10,000","18,877",1736319,D,0,A,Common Stock,A,12/20/2019
299,"199,294",748592,I,2.7234,A,,P,12/19/2019
,"157,071",748592,D,,,,,
300,"130,867",1013272,D,32.34,A,Common Stock,M,12/20/2019
,90,1013272,I,,,Common Stock,,
,210,1013272,I,,,Common Stock,,
,30,1013272,I,,,Common Stock,,
,560,1013272,I,,,Common Stock,,
,700,1013272,I,,,Common Stock,,
94,"9,038",748592,D,2.73,D,Common Stock,F,12/19/2019
"10,230","114,759",1265669,I,7.82,A,Common,C,12/19/2019
"3,200",0,1265669,D,7.82,D,Depositary Shares,C,12/19/2019
,895,1265669,I,,,Common,,
,"1,605",1265669,I,,,Common,,
,725,1265669,I,,,Common,,
,"2,938",1265669,D,,,Common,,
"3,940","3,940",1690680,D,,A,,M,12/19/2019
"3,940",0,1690680,D,13.61,D,,D,12/19/2019
,"2,901",1690680,I,,,,,
,"10,410",1690680,I,,,,,
,"1,043",1690680,I,,,,,
"77,609","2,605,218",1183470,D,34.5,A,Common Stock,M,12/20/2019
"77,609","2,527,609",1183470,D,41.05,D,Common Stock,S,12/20/2019
,"24,530",1183470,I,,,Common Stock,,
,458.4268,1183470,I,,,Common Stock,,
,"33,345.15",1183470,I,,,Common Stock,,
,"175,533",1183470,I,,,Common Stock,,
,"24,530",1183470,I,,,Common Stock,,
"40,000","2,009,574",1258602,D,0,D,Class A Common Stock,G,9/30/2019
,"165,741",1258602,D,,,Class B Common Stock,,
,"245,216",1258602,I,,,Class B Common Stock,,
,"1,600,000",1258602,I,,,Class B Common Stock,,
,"889,660",1258602,I,,,Class B Common Stock,,
,"374,650",1258602,I,,,Class B Common Stock,,
"4,507","99,491",1444380,D,111.5,D,Common Stock,F,12/19/2019
,"481,637",1258602,I,,,Class B Common Stock,,
,"313,570",1258602,I,,,Class B Common Stock,,
,"388,727",1258602,I,,,Class B Common Stock,,
,"1,586,691",1258602,I,,,Class B Common Stock,,
,"276,195",1258602,I,,,Class B Common Stock,,
,"444,511",1258602,I,,,Class B Common Stock,,
,"490,033",1258602,I,,,Class B Common Stock,,
,"247,654",1258602,I,,,Class B Common Stock,,
,"376,706",1258602,I,,,Class B Common Stock,,
,"419,585",1258602,I,,,Class B Common Stock,,
,"4,160",1258602,I,,,Class A Common Stock,,
,"1,983",1258602,I,,,Class A Common Stock,,
,"1,215",1258602,I,,,Class A Common Stock,,
,"125,000",1258602,I,,,Class B Common Stock,,
,"125,000",1258602,I,,,Class B Common Stock,,
,"125,000",1258602,I,,,Class B Common Stock,,
,"151,209",1258602,I,,,Class B Common Stock,,
,"151,210",1258602,I,,,Class B Common Stock,,
,"151,209",1258602,I,,,Class B Common Stock,,
,100,1258602,I,,,Class B Common Stock,,
,100,1258602,I,,,Class B Common Stock,,
,100,1258602,I,,,Class B Common Stock,,
,100,1258602,I,,,Class B Common Stock,,
,100,1258602,I,,,Class B Common Stock,,
47,"338,791",865058,I,14.91,A,Common Stock,P,12/18/2019
571,"339,362",865058,I,14.91,A,Common Stock,P,12/20/2019
200,"94,499",1005547,I,0,D,Common Stock,G,12/20/2019
"35,000","1,661,665",1676306,D,43.0901,D,Ordinary Shares,S,12/19/2019
,"3,930",1676306,D,,,Restricted Share Units,,
30.7059,"6,811.28",1765486,D,81.3525,A,Common Stock,A,12/18/2019
6.1215,107.8171,1765486,I,81.3525,A,Common Stock,L,12/18/2019
"468,750","468,750",1645469,I,8,A,Common stock,P,12/18/2019
,"3,055,394.12",1645469,I,,,Common stock,,
"156,250","156,250",1645469,I,8,A,Common stock,P,12/18/2019
313.75,313.75,1645469,D,8,A,Common stock,P,12/18/2019
,"3,055,394.12",1645469,I,,,Common stock,,
,3/8/2020,1699869,3/8/2020,,84.47,Restricted Stock Units,,0
,3/7/2021,1699869,3/7/2021,,82.18,Restricted Stock Units,,0
,4/4/2022,1699869,4/4/2022,,157.15,Restricted Stock Units,,0
"2,639,744",0,1790636,D,0,D,,J,12/18/2019
"138,506","138,506",1390808,D,0,A,Common Stock,A,12/18/2019
"10,000","56,599",1576263,D,0,D,Common Stock,G,12/19/2019
"12,121","12,121",1588389,I,1.485,A,Common Stock,M,12/18/2019
"5,000","7,121",1588389,I,17.1781,D,Common Stock,S,12/18/2019
"7,121",0,1588389,I,17.1809,D,Common Stock,S,12/18/2019
"3,200","28,154",1413727,D,0,A,Common Stock 15346Q 400,A,12/18/2019
"5,109","67,557.46",1576362,D,0,A,Common Stock,A,12/18/2019
"1,500","66,057.46",1576362,D,7.83,D,Common Stock,F,12/18/2019
"8,000","1,793,308",1513581,D,57.702,D,Common Stock,S,12/18/2019
"8,000","1,785,308",1513581,D,57.505,D,Common Stock,S,12/19/2019
"2,500","509,563",1513581,I,57.674,D,Common Stock,S,12/18/2019
"2,500","507,063",1513581,I,57.519,D,Common Stock,S,12/19/2019
,"700,000",1513581,I,,,Common Stock,,
,"300,000",1513581,I,,,Common Stock,,
"26,750","92,743",1778095,D,28.035,D,Class A Common Stock,S,12/18/2019
"26,332","66,411",1778095,D,28.48,D,Class A Common Stock,S,12/19/2019
,"1,075,439",1778095,D,,,Class A Common Stock,,
,3/8/2020,1433465,3/8/2020,,51.35,Restricted Stock Units,,0
,3/7/2021,1433465,3/7/2021,,49.31,Restricted Stock Units,,0
,4/4/2022,1433465,4/4/2022,,58.93,Restricted Stock Units,,0
907,"5,907",1575205,D,22.4,A,Common Stock,M,12/20/2019
907,"5,000",1575205,D,159.02,D,Common Stock,S,12/20/2019
"7,000","12,000",1575205,D,19.72,A,Common Stock,M,12/20/2019
"7,000","5,000",1575205,D,159.03,D,Common Stock,S,12/20/2019
38,"1,563",1394828,D,99.56,A,Common Stock/ Deferred Compensation,J,12/20/2019
2,"1,565",1394828,D,0,A,Common Stock/ Deferred Compensation,J,12/20/2019
,"9,901",1394828,D,,,Common Stock,,
"1,230","193,538",1121142,D,12.93,D,Common Stock,F,12/18/2019
"454,025","454,025",1795037,D,0,A,Common Stock,A,12/18/2019
,"4,815,938",1795037,I,,,Common Stock,,
"1,039","101,593",1121142,D,12.93,D,Common Stock,F,12/18/2019
225,"26,785",1121142,D,12.93,D,Common Stock,F,12/18/2019
"45,000","108,115",1704723,D,0,A,Common Stock,A,12/20/2019
"571,429","17,717,346",1496461,I,0.175,A,Common Stock,A,11/22/2019
"28,831","145,493",1777085,D,28.035,D,Class A Common Stock,S,12/18/2019
"30,854","114,639",1777085,D,28.48,D,Class A Common Stock,S,12/19/2019
"25,000","89,639",1777085,D,28.6,D,Class A Common Stock,S,12/19/2019
"7,150","82,489",1777085,D,28.7,D,Class A Common Stock,S,12/19/2019
,"1,433,919",1777085,D,,,Class A Common Stock,,
"42,000","1,452,513.56",1510295,D,0,D,Common Stock,G,12/18/2019
,"1,067.43",1510295,I,,,Common Stock,,
,"38,875",1510295,I,,,Common Stock,,
"2,000","2,000",1612428,D,25,A,Series G Cumulative Preferred Stock,P,12/20/2019
101,"11,126",1668858,D,7.46,D,Common Stock,F,12/18/2019
"76,711","268,109",1690585,D,15.1558,D,Common Stock,S,12/20/2019
,"292,990",1690585,I,,,Common Stock,,
,"359,092",1690585,I,,,Common Stock,,
"2,106.01","125,879.01",1379160,D,0,A,Common Stock,M,12/18/2019
68.0091,"125,811",1379160,D,53.91,D,Common Stock,D,12/18/2019
905,"124,906",1379160,D,53.91,D,Common Stock,F,12/18/2019
114,"8,418",1690585,D,9.49,A,Common Stock,M,12/20/2019
805,"9,223",1690585,D,9.49,A,Common Stock,M,12/20/2019
44,"20,608",1186416,D,0,A,COMMON STOCK,A,12/20/2019
19,"20,627",1186416,D,0,A,COMMON STOCK,A,12/20/2019
919,"8,304",1690585,D,15,D,Common Stock,S,12/20/2019
264,"65,910",1193834,D,0,A,COMMON STOCK,A,12/20/2019
24,"65,934",1193834,D,0,A,COMMON STOCK,A,12/20/2019
"132,623",0,1197480,D,,D,Common Stock,D,12/20/2019
"138,506","158,506",1233068,D,0,A,Common Stock,A,12/18/2019
"6,500","202,279",1643505,D,4.58,D,Common Stock,S,12/19/2019
"20,000","148,368",723125,D,55,D,Common Stock,S,12/19/2019
"3,832","621,455.62",1055160,D,0,A,Common Stock,A,12/18/2019
"1,853","619,602.62",1055160,D,7.83,D,Common Stock,F,12/18/2019
"7,663","135,768.50",1055160,D,0,A,Common Stock,A,12/18/2019
"3,706","132,062.50",1055160,D,7.83,D,Common Stock,F,12/18/2019
"60,086","327,458.50",1055160,D,0,A,Common Stock,A,12/18/2019
"31,978","295,480.50",1055160,D,7.83,D,Common Stock,F,12/18/2019
"1,500","210,351",907471,D,0,D,Common Stock,G,12/9/2019
,"3,353",907471,I,,,Common Stock,,
"158,197","1,193,338.04",1055160,D,0,A,Common Stock,A,12/18/2019
"74,353","1,118,985.04",1055160,D,7.83,D,Common Stock,F,12/18/2019
73,"1,119,058.04",1055160,D,0,A,Common Stock,W,10/22/2019
"62,500","62,500",1262104,D,1.6,A,Common Stock,P,12/19/2019
"18,750","361,632",1262104,D,1.6,A,Common Stock,P,12/19/2019
9.6775,"17,629.66",1743979,D,43.758,A,Common Stock,A,12/20/2019
,"1,000",1743979,I,,,Common Stock,,
,"2,988.68",1743979,I,,,Common Stock,,
"12,500","37,500",1262104,D,1.6,A,Common Stock,P,12/19/2019
"874,326","12,656,268",1441693,I,1,A,Common Stock,M,12/19/2019
"160,195",0,1076334,I,18.51,D,Common Stock - Trust SPM,S,12/19/2019
,"3,503,057.52",1076334,D,,,Common Stock,,
,"1,330,610",1076334,I,,,Common Stock - Other,,
,"1,838",1076334,D,,,Common Stock - Retirement Shares,,
,"270,427",1076334,I,,,Common Stock - SpTrstee,,
,"76,957",1076334,I,,,Common Stock - Spouse,,
,"73,014",1076334,I,,,Common Stock - Trust 10A - SM,,
,"73,013",1076334,I,,,Common Stock - Trust 10B - SM,,
,"73,013",1076334,I,,,Common Stock - Trust 10C - SM,,
,"217,944",1076334,I,,,Common Stock - Trust DSM,,
,"200,941",1076334,I,,,Common Stock - Trust JAM,,
,"218,968",1076334,I,,,Common Stock - Trust JWMIII,,
,"45,292",1076334,I,,,Common Stock - Trust MA,,
"3,800","13,482",1222357,D,,A,Common Stock,A,12/18/2019
"1,049","12,433",1222357,D,16.73,D,Common Stock,F,12/18/2019
"2,000","34,877",1475659,D,16.34,D,Common Stock,S,12/19/2019
"3,500","11,438",1699024,D,22.75,A,First Keystone Corporation Common Stock,P,12/20/2019
912,"284,731",1053584,D,11.08,D,Common Stock,F,12/19/2019
101,"11,149",1620189,D,7.46,D,Common Stock,F,12/18/2019
500,"31,607",1705782,D,19.85,A,Common Stock,P,12/19/2019
571,"55,111",1053584,D,11.08,D,Common Stock,F,12/19/2019
,"7,032,341",901876,I,,,Common Stock,,
"3,980","3,980",901876,D,35.75,A,Common Stock,M,12/19/2019
"3,980",0,901876,D,70.0303,D,Common Stock,S,12/19/2019
"7,803","244,455",1094718,D,18.3187,D,Common Stock,S,12/20/2019
"10,124","115,915",1701758,D,0,A,,A,12/18/2019
"4,860","111,055",1701758,D,11.05,D,,F,12/18/2019
"3,879","114,934",1701758,D,0,A,,J,12/18/2019
"10,124","67,451",1701758,D,0,A,,A,12/18/2019
"4,860","62,591",1701758,D,11.05,D,,F,12/18/2019
"175,478","3,611,361",1701758,I,0,D,,D,12/18/2019
"3,611,361",0,1701758,I,0,D,,J,12/18/2019
"2,628,569","2,628,569",1701758,I,0,A,,J,12/18/2019
"446,145","1,654,082",1701758,I,0,D,,J,12/18/2019
"430,304","430,304",1701758,I,0,A,,J,12/18/2019
,"154,433",1701758,I,,,,,
159.9889,"10,359.36",1399227,D,35.94,A,ACNB Corporation Common,A,12/13/2019
"1,000","161,004",1491419,D,1.995,A,,P,12/18/2019
404,"161,408",1491419,D,2.0114,A,,P,12/19/2019
,"17,243,693",1491419,I,,,,,
"93,104","93,104",1795135,D,0,A,Common Stock,A,12/18/2019
"13,163","593,580",1335258,D,69.83,D,Common Stock,F,12/19/2019
"4,851","16,300",1649692,D,0,A,Common Stock,A,12/18/2019
"21,238","56,362",1462119,D,14.75,D,Common,S,12/18/2019
"8,762","47,600",1462119,D,14.76,D,Common,S,12/19/2019
,"2,690,734",1436208,D,,,,,
,"1,000,000",1436208,I,,,Common Stock,,
"3,954","3,210,000",1436208,I,15.37,D,Common Stock,S,12/19/2019
,"100,000",1436208,I,,,Common Stock,,
"571,428","10,959,834",1496341,I,0.175,A,Common Stock,A,11/22/2019
"115,380","207,743",1359575,D,3.42,A,Common Stock,M,12/18/2019
"135,172","342,915",1359575,D,7.95,A,Common Stock,M,12/18/2019
"115,075","457,900",1359575,D,6.7,A,Common Stock,M,12/18/2019
"92,623","550,613",1359575,D,2.51,A,Common Stock,M,12/18/2019
"37,500","588,113",1359575,D,1.16,A,Common Stock,M,12/18/2019
"273,520","314,593",1359575,D,20.11,D,Common Stock,F,12/18/2019
"75,000","224,096.07",1704701,D,0,A,Common Stock,A,12/20/2019
,"3,000",1704701,I,,,Common Stock,,
,"5,000",1704701,I,,,Common Stock,,
"9,100","339,764",1073397,D,0,D,Common Stock,G,12/19/2019
,"986,843",1073397,I,,,Common Stock,,
"10,211","1,296,884",1031749,D,0,D,DXP Common Stock,G,12/13/2019
"34,410","79,420",94845,D,19.5359,D,Class A Common Stock,S,12/18/2019
"4,920","84,340",94845,D,0,A,Class A Common Stock,C,12/19/2019
"4,920","79,420",94845,D,19.62,D,Class A Common Stock,S,12/19/2019
17.1489,"37,006.62",58492,D,43.758,A,Common Stock,A,12/20/2019
52.5269,"489,240.43",58492,D,43.758,A,Common Stock,A,12/20/2019
747.1161,"489,987.55",58492,D,41.184,A,Common Stock,A,12/20/2019
,"22,160.69",58492,I,,,Common Stock,,
12.5783,"61,693.61",58492,D,43.758,A,Common Stock,A,12/20/2019
230.1867,"61,923.80",58492,D,41.184,A,Common Stock,A,12/20/2019
21.983,"111,929.14",58492,D,43.758,A,Common Stock,A,12/20/2019
,"23,541.99",58492,I,,,Common Stock,,
,"3,938",58492,I,,,Common Stock,,
25.0594,"112,219.06",58492,D,43.758,A,Common Stock,A,12/20/2019
"4,000","77,697",855658,D,19.77,D,Common Stock,S,12/20/2019
"30,000","30,000",1468748,D,,A,Common Stock,M,12/18/2019
"8,533","21,467",1468748,D,15.51,D,Common Stock,F,12/18/2019
"25,974","203,436",1370825,D,155.41,D,Common Shares,S,12/18/2019
100,"203,336",1370825,D,156.37,D,Common Shares,S,12/18/2019
,"2,658.66",1370825,I,,,Common Shares,,
,"2,659.67",1370825,I,,,Common Shares,,
,"2,659.67",1370825,I,,,Common Shares,,
,"58,736",1370825,I,,,Common Shares,,
"50,000","346,954",1645666,D,0.9,A,Common Stock,M,12/19/2019
"1,500","19,511",1640309,D,,A,common stock,P,12/20/2019
"252,013","252,013",1451693,D,0,A,Common Stock,A,12/18/2019
,"2,312,515",1451693,I,,,Common Stock,,
159.9889,"15,945.30",1549663,D,35.94,A,ACNB Corporation Common,A,12/13/2019
"227,013","388,206",1719489,D,0,A,Common Stock,A,12/18/2019
"32,422","37,422",1788750,D,0,A,Common Stock,A,12/18/2019
"93,104","93,104",1719489,D,0,A,Common Stock,A,12/18/2019
,"4,631,142",1719489,I,,,Common Stock,,
"15,369","15,369",1227451,D,,A,Common Stock,A,12/18/2019
"13,578",0,1227451,D,,D,Common Stock,D,12/18/2019
"20,000","1,089,377",1234878,I,45.8204,D,Common Stock,S,12/18/2019
"20,000","1,069,377",1234878,I,45.6797,D,Common Stock,S,12/19/2019
,"52,811",1234878,D,,,Common Stock,,
"1,916","200,931",1008079,D,366.48,D,Class A Common,S,12/20/2019
"1,551","199,380",1008079,D,367.34,D,Class A Common,S,12/20/2019
"2,485","196,895",1008079,D,368.49,D,Class A Common,S,12/20/2019
"2,540","194,355",1008079,D,369.63,D,Class A Common,S,12/20/2019
"1,508","192,847",1008079,D,370.27,D,Class A Common,S,12/20/2019
,"44,248",1008079,I,,,Class A Common,,
,"23,486",1008079,I,,,Class A Common,,
,"39,300",1008079,I,,,Class A Common,,
,"5,000",1008079,I,,,Class A Common,,
,"3,656",1008079,I,,,Class A Common,,
,"2,532",1008079,I,,,Class A Common,,
"250,000","4,050,066",1601692,I,6.44,D,Common Stock,S,12/18/2019
"750,000","3,300,066",1601692,I,6.5,D,Common Stock,S,12/18/2019
"1,000,000","2,300,066",1601692,I,6.32,D,Common Stock,S,12/20/2019
"2,000,000","4,300,066",1601692,I,1.8,A,Common Stock,C,12/20/2019
16,"15,423",1188275,D,0,A,COMMON STOCK,A,12/20/2019
"17,500","367,168",930420,D,40.19,D,Common Stock,S,12/18/2019
"5,000","362,168",930420,D,40.28,D,Common Stock,S,12/19/2019
63,"17,556",924750,I,68.2024,A,Common Stock,A,12/18/2019
186,"52,941",924750,I,0,D,Common Stock,G,10/28/2019
,"13,391",924750,I,,,Common Stock,,
,"19,774",924750,I,,,Common Stock,,
,"1,237,588",924750,D,,,Common Stock,,
,"13,391",924750,I,,,Common Stock,,
,"19,614",924750,I,,,Common Stock,,
,"211,996",924750,I,,,Common Stock,,
,"13,384",924750,I,,,Common Stock,,
,"19,766",924750,I,,,Common Stock,,
535,"147,627",1184697,I,68.2024,A,Common Stock,A,12/18/2019
"100,000","62,731,838",1197916,D,68.2751,D,Common,S,12/20/2019
"50,000","1,904,377",1217614,D,18.59,D,Common Stock,G,12/20/2019
"50,000","415,776",1217614,I,18.59,A,Common Stock,G,12/20/2019
,"57,643",1184697,I,,,Common Stock,,
,"20,716",1184697,I,,,Common Stock,,
,"37,225",1184697,I,,,Common Stock,,
,"9,599",1184697,I,,,Common Stock,,
,"895,230",1184697,D,,,Common Stock,,
,"37,468",1184697,I,,,Common Stock,,
,"6,599",1184697,I,,,Common Stock,,
,"37,017",1184697,I,,,Common Stock,,
,"211,996",1184697,I,,,Common Stock,,
"3,908","3,908",1795418,D,0,A,Common Stock,A,12/19/2019
11,"5,587",1578217,D,0,A,COMMON STOCK,A,12/20/2019
"1,500","23,741",1622353,D,19.61,A,Common Stock,P,12/19/2019
"171,221",0,1044584,D,,D,Common Stock,D,12/20/2019
"400,000",0,1044584,I,,D,Common Stock,D,12/20/2019
"8,000","10,566",1254747,D,0.93,A,Common Stock,A,12/19/2019
"8,000","2,566",1254747,D,25.65,D,Common Stock,S,12/19/2019
"8,000","10,566",1254747,D,0.93,A,Common Stock,A,12/20/2019
"8,000","2,566",1254747,D,25.33,D,Common Stock,S,12/20/2019
"3,000","3,000",1373097,D,0,A,Common Shares,M,12/18/2019
"1,245","1,755",1373097,D,52.13,D,Common Shares,F,12/18/2019
"700,000","700,000",1044584,I,,A,Common Stock,A,12/20/2019
"299,637","299,637",1044584,D,,A,Common Stock,A,12/20/2019
"466,877","766,514",1044584,D,,A,Common Stock,A,12/20/2019
"72,648","839,162",1044584,D,,A,Common Stock,A,12/20/2019
24,"18,914",807882,D,0,A,COMMON STOCK,A,12/20/2019
24,"18,938",807882,D,0,A,COMMON STOCK,A,12/20/2019
"1,700","53,412",1609550,D,71.07,D,Common Stock,S,12/18/2019
"3,100","50,312",1609550,D,72.03,D,Common Stock,S,12/18/2019
200,"50,112",1609550,D,72.39,D,Common Stock,S,12/18/2019
"4,500","45,612",1609550,D,70.61,D,Common Stock,S,12/18/2019
500,"45,112",1609550,D,71.49,D,Common Stock,S,12/18/2019
"7,196","27,251",874015,D,10.82,A,Common Stock,M,12/20/2019
"4,215","23,036",874015,D,61.52,D,Common Stock,F,12/20/2019
"3,438","26,474",874015,D,10.82,A,Common Stock,M,12/20/2019
"2,014","24,460",874015,D,61.52,D,Common Stock,F,12/20/2019
,"8,320,032",896878,I,,,Common Stock,,
"7,548","125,785",896878,I,265.062,D,Common Stock,S,12/20/2019
"67,739","58,046",896878,I,265.9194,D,Common Stock,S,12/20/2019
"36,732","21,314",896878,I,266.8145,D,Common Stock,S,12/20/2019
3,"21,311",896878,I,267.38,D,Common Stock,S,12/20/2019
154,"7,444",1270073,D,119.45,D,Common Stock,S,12/19/2019
"25,000","2,198,111",1393540,D,0.019,A,Common Stock,P,12/16/2019
"100,000","2,298,111",1393540,D,0.018,A,Common Stock,P,12/17/2019
"25,000","2,323,111",1393540,D,0.018,A,Common Stock,P,12/19/2019
"25,000","2,348,111",1393540,D,0.018,A,Common Stock,P,12/20/2019
,"654,278",1393540,I,,,Common Stock,,
,"354,278",1393540,I,,,Common Stock,,
"10,000","40,000",884650,D,0.035,A,Common Stock,P,12/17/2019
,"134,134",917520,D,,,Common Stock,,
"491,205","10,891,205",917520,I,59.42,D,Common Stock,S,12/19/2019
,"4,000",917520,I,,,Common Stock,,
"700,000","212,316",1468174,I,85.697,D,Class A Common Stock,S,12/19/2019
,"27,431",1468174,I,,,Class A Common Stock,,
"1,074","480,897",1383557,D,60.35,D,Common Stock,F,12/19/2019
"1,500","37,294",1547546,D,,A,common stock,P,12/20/2019
"1,500","53,293",1547546,D,,A,common stock,P,12/20/2019
884,"36,633",1503187,I,367.97,D,Common Stock,S,12/19/2019
"1,213","35,420",1503187,I,369.27,D,Common Stock,S,12/19/2019
"1,903","33,517",1503187,I,370.32,D,Common Stock,S,12/19/2019
"1,050","7,992",1565717,D,0,D,Humana Common,G,12/20/2019
"1,084","8,341",1557593,D,105.06,D,Common Stock,S,12/19/2019
"7,200","188,158",1378745,D,0,D,Common Stock,G,12/16/2019
,"2,021,839",1378745,I,,,Common Stock,,
114,"51,355.86",1710902,D,0,D,,G,12/18/2019
114,"51,241.86",1710902,D,0,D,,G,12/19/2019
"5,000","116,081",48039,D,51,D,Common Stock,S,12/20/2019
,3/8/2020,1334894,3/8/2020,,14.9,Restricted Stock Units,,0
,3/7/2021,1334894,3/7/2021,,14.79,Restricted Stock Units,,0
,4/4/2022,1334894,4/4/2022,,37.32,Restricted Stock Units,,0
527.0189,"23,033.02",1621819,D,0,A,Common Stock,M,12/18/2019
17.0189,"23,016",1621819,D,53.91,D,Common Stock,D,12/18/2019
191,"22,825",1621819,D,53.91,D,Common Stock,F,12/18/2019
,"3,823",1774167,D,,,Common Stock,,
"6,716","77,917",1492426,D,35,D,Ordinary Shares,S,12/18/2019
159.9889,"3,257.56",1710848,D,35.94,A,ACNB Corporation Common,A,12/13/2019
,947.3165,1710848,I,,,ACNB Corporation Common,,
,880,1710848,I,,,ACNB Corporation Common,,
,"1,052",1710848,I,,,ACNB Corporation Common,,
26.3139,"11,794.79",1397236,D,17.0237,A,,P,12/13/2019
993.7592,"12,788.55",1397236,D,17.6099,A,,P,12/19/2019
736,"16,422",1543753,D,15.57,D,Common Stock,F,12/18/2019
"6,000","30,829",1573212,D,0,A,Common Stock 15346Q 400,A,12/18/2019
"15,671","153,991",1777084,D,28.035,D,Class A Common Stock,S,12/18/2019
"15,428","138,563",1777084,D,28.48,D,Class A Common Stock,S,12/19/2019
"24,160","114,403",1777084,D,28.181,D,Class A Common Stock,S,12/19/2019
,"716,960",1777084,D,,,Class A Common Stock,,
"2,954","3,782.92",1657355,D,587.13,A,Common Stock,M,12/19/2019
"2,100","5,882.92",1657355,D,744.62,A,Common Stock,M,12/19/2019
300,"5,582.92",1657355,D,"1,222.31",D,Common Stock,S,12/19/2019
561,"5,021.92",1657355,D,"1,225.02",D,Common Stock,S,12/19/2019
700,"4,321.92",1657355,D,"1,223.53",D,Common Stock,S,12/19/2019
"3,493",828.9158,1657355,D,"1,221.31",D,Common Stock,S,12/19/2019
"4,700","42,007",1008291,D,0,A,Common Stock 15346Q 400,A,12/18/2019
327,"64,067",1193778,D,29.79,A,Common Stock,A,12/20/2019
,3/8/2020,1345974,3/8/2020,,53,Restricted Stock Units,,0
,3/7/2021,1345974,3/7/2021,,52.6,Restricted Stock Units,,0
,4/4/2022,1345974,4/4/2022,,62.86,Restricted Stock Units,,0
71.6689,"97,968.24",1179576,D,17.0237,A,,P,12/13/2019
"1,987.52","99,555.76",1179576,D,17.6099,A,,P,12/19/2019
,"571,961",1179576,I,,,,,
"2,000","4,973",1770897,D,,A,Common Stock,M,12/18/2019
417,"47,411",1453628,D,2.02,D,Common Stock,F,6/17/2019
687,"18,336",1607421,D,32.7,A,Common Stock,A,12/19/2019
"4,851","10,847",1721830,D,0,A,Common Stock,A,12/18/2019
,"4,986",1721830,I,,,Common Stock,,
"2,572","4,477",1415708,D,22.75,A,First Keystone Corporation Common Stock,S,12/20/2019
"3,750","3,750",1704186,D,0,A,Common Shares,M,12/18/2019
"1,701","2,049",1704186,D,52.13,D,Common Shares,F,12/18/2019
"71,028","75,578",1788015,D,0,A,Common Stock,A,12/18/2019
,,1208590,,,"2,497,619",Blackstone Holdings partnership units,,
,,1208590,,"2,497,619",,Blackstone Holdings partnership units,,
,,1208590,,,,Blackstone Holdings partnership units,,
500,"124,500",926786,I,283.78,D,Common Stock,S,12/18/2019
500,"124,000",926786,I,283,D,Common Stock,S,12/18/2019
,"50,000",926786,I,,,Common Stock,,
"1,420","45,080",1184668,D,20.95,A,Common Stock,A,12/20/2019
,"2,481",1184668,I,,,Common Stock,,
"2,035","2,035",1308428,D,0,A,Common Stock,A,12/18/2019
"1,603","62,998",1172187,D,0,D,CVCY Common Stock,G,12/20/2019
"22,387",0,1346153,D,,D,Common Stock,D,12/20/2019
"4,000","256,000",1185533,I,7.3054,D,,S,12/18/2019
,"18,234",1185533,I,,,,,
,"692,022",1185533,D,,,,,
"1,850","102,110",1492710,D,,A,Common Stock,A,12/18/2019
567,"101,543",1492710,D,16.73,D,Common Stock,F,12/18/2019
750,"2,310",1531023,D,,A,Common Stock,A,12/18/2019
183,"2,127",1531023,D,16.73,D,Common Stock,F,12/18/2019
813,"4,294",1782944,D,30.35,A,Common Stock,M,12/19/2019
281,"4,013",1782944,D,30.35,D,Common Stock,F,12/19/2019
"3,200","94,313",1557351,D,0,A,Common Stock 15346Q 400,A,12/18/2019
,"77,427",1557351,I,,,Common Stock 15346Q 400,,
,3/8/2020,1334618,3/8/2020,,99.38,Restricted Stock Units,,0
,3/7/2021,1334618,3/7/2021,,106.83,Restricted Stock Units,,0
,4/4/2022,1334618,4/4/2022,,157.15,Restricted Stock Units,,0
"3,750","306,639",1517413,D,0,A,Class A Common Stock,C,12/19/2019
"3,750","302,889",1517413,D,20.05,D,Class A Common Stock,S,12/19/2019
653,"65,643",1620137,D,7.46,D,Common Stock,F,12/18/2019
196,"3,496",1530249,D,16.89,A,Common Stock,M,12/18/2019
196,"3,300",1530249,D,64,D,Common Stock,S,12/18/2019
191,"3,491",1530249,D,16.89,A,Common Stock,M,12/20/2019
191,"3,300",1530249,D,64,D,Common Stock,S,12/20/2019
"1,774.57","23,278.60",1229438,D,17.6099,A,,P,12/19/2019
,"91,236",1229438,I,,,,,
186,"208,864",1221787,D,0,D,Common Stock,G,12/19/2019
,"26,064",1221787,I,,,Common Stock,,
,"10,645",1221787,I,,,Common Stock,,
548,"33,748",1578153,D,52.66,D,Common Stock,S,12/17/2019
"178,460",0,1233101,D,,D,Common Stock,D,12/20/2019
650,"32,207",811589,D,0,D,Common Stock,G,12/20/2019
,"10,462.08",811589,I,,,Common Stock,,
"10,000","77,966",1048911,D,148.22,A,Common Stock,P,12/20/2019
382,"4,121",862831,D,32.7,A,Common Stock,A,12/19/2019
,16,1188586,I,,,Common,,
35,246,1188586,D,72.0249,D,Common,S,12/18/2019
61,185,1188586,D,70.7565,D,Common,S,12/19/2019
8,177,1188586,D,71.0772,D,Common,S,12/19/2019
"55,016","67,971",1788001,D,0,A,Common Stock,A,12/18/2019
"393,828","474,283",1757073,D,0,A,Common Stock,A,12/18/2019
"56,190","62,785",1757073,D,0,A,Common Stock,A,12/18/2019
"2,035","2,035",1757073,D,0,A,Common Stock,A,12/18/2019
"3,700","6,200",1704255,D,0,A,Common Shares,M,12/18/2019
"1,678","4,522",1704255,D,52.13,D,Common Shares,F,12/18/2019
,3/8/2020,1336247,3/8/2020,,291.5,Restricted Stock Units,,0
,3/7/2021,1336247,3/7/2021,,302.42,Restricted Stock Units,,0
,4/4/2022,1336247,4/4/2022,,475.99,Restricted Stock Units,,0
"12,334","18,653",1124140,D,0,D,Common Stock,G,12/4/2019
,"12,334",1124140,I,,,Common Stock,,
"10,000","62,267",1337619,D,9,A,Common Stock,M,12/18/2019
"10,000","52,267",1337619,D,70.45,D,Common Stock,S,12/18/2019
6.956,"20,155.36",1271480,D,35.94,A,ACNB Corporation Common,P,12/13/2019
79.9944,"20,255.50",1271480,D,35.94,A,ACNB Corporation Common,A,12/13/2019
"25,890","374,791",1721108,I,28.55,D,Common Stock,S,12/18/2019
"54,110","320,681",1721108,I,28.99,D,Common Stock,S,12/19/2019
"31,000","249,728",1721108,I,29.51,D,Common Stock,S,12/19/2019
"25,000","224,728",1721108,I,29.53,D,Common Stock,S,12/20/2019
394,"12,567",31107,D,29.79,A,,A,12/20/2019
,"43,797",31107,I,,,,,
750,"26,224",1653918,D,,A,Common Stock,A,12/18/2019
183,"26,041",1653918,D,16.73,D,Common Stock,F,12/18/2019
"1,150","43,121",1595972,D,,A,Common Stock,A,12/18/2019
281,"42,840",1595972,D,16.73,D,Common Stock,F,12/18/2019
,,1639144,2/18/2025,"25,688",,Employee Stock Option (right to buy),,6.86
,,1639144,12/17/2026,,"17,125",Employee Stock Option (right to buy),,2.45
,,1639144,3/15/2026,"50,000",,Employee Stock Option (right to buy),,9.89
,,1639144,12/17/2026,,"33,333",Employee Stock Option (right to buy),,2.45
,,1639144,3/30/2027,"55,000",,Employee Stock Option (right to buy),,7.8
,,1639144,12/17/2026,,"32,592",Employee Stock Option (right to buy),,2.45
,,1639144,12/17/2026,,"4,074",Employee Stock Option (right to buy),,2.45
"5,161","61,315",1207383,D,9.79,A,Common Stock,M,12/19/2019
"7,646","191,408",1261333,D,73.79,D,Common Stock,S,12/18/2019
"3,175","188,233",1261333,D,74.71,D,Common Stock,S,12/18/2019
"1,400","2,138.80",1286681,D,290.508,D,,S,12/19/2019
357,"3,910",1005409,D,20.95,A,Common Stock,A,12/20/2019
,"2,481",1005409,I,,,Common Stock,,
90,"50,406",1254044,D,0,D,,G,12/18/2019
90,"50,316",1254044,D,0,D,,G,12/19/2019
"1,163","54,280",1488813,D,24.21,A,Common Stock,A,12/18/2019
,"2,811",1488813,I,,,Common Stock,,
,977,1488813,I,,,Common Stock,,
957,"15,720",1488813,D,24.21,A,Common Stock,A,12/18/2019
,965,1488813,I,,,Common Stock,,
750,"27,190",1488813,D,24.21,A,Common Stock,A,12/18/2019
,"646,764",1488813,I,,,Common Stock,,
"1,018,275","1,018,275",1535527,I,0,A,Class A Common Stock,C,12/18/2019
0,0,1535527,I,50.03,D,Class A Common Stock,S,12/18/2019
"17,832","17,832",1535527,I,0,A,Class A Common Stock,C,12/19/2019
0,0,1535527,I,50.18,D,Class A Common Stock,S,12/19/2019
,"140,000",1535527,I,,,Class A Common Stock,,
"10,950","10,950",1704317,D,0,A,Common Shares,M,12/18/2019
"4,965","5,985",1704317,D,52.13,D,Common Shares,F,12/18/2019
,"19,130",1704317,I,,,Common Shares,,
,"440,000",1704317,I,,,Common Shares,,
,"475,000",1704317,I,,,Common Shares,,
"3,000","7,000",1704256,D,0,A,Common Shares,M,12/18/2019
"1,361","5,639",1704256,D,52.13,D,Common Shares,F,12/18/2019
"1,683","9,526",1778031,D,30.35,A,Common Stock,M,12/19/2019
581,"8,945",1778031,D,30.35,D,Common Stock,F,12/19/2019
,"1,169",1778031,I,,,Common Stock,,
"29,552",0,1617609,D,,D,Common Stock,D,12/20/2019
"51,716","51,716",1617609,D,,A,Common Stock,A,12/20/2019
"61,460","113,176",1617609,D,,A,Common Stock,A,12/20/2019
"9,545","122,721",1617609,D,,A,Common Stock,A,12/20/2019
"3,200","303,529",1557204,D,0,A,Common Stock 15346Q 400,A,12/18/2019
,,1610618,6/30/2026,"100,000",,Employee Stock Option (right to buy),,10.45
,,1610618,12/17/2026,,"56,945",Employee Stock Option (right to buy),,2.45
,,1610618,12/17/2026,,"9,721",Employee Stock Option (right to buy),,2.45
,,1610618,3/30/2027,"50,000",,Employee Stock Option (right to buy),,7.8
,,1610618,12/17/2026,,"29,629",Employee Stock Option (right to buy),,2.45
,,1610618,12/17/2026,,"3,704",Employee Stock Option (right to buy),,2.45
500,"2,309,989",1706399,I,8.93,A,,P,12/18/2019
"3,500","2,313,489",1706399,I,8.9,A,,P,12/19/2019
"9,057","90,173",1766502,D,28.035,D,Class A Common Stock,S,12/18/2019
"12,342","77,831",1766502,D,28.48,D,Class A Common Stock,S,12/19/2019
,"573,567",1766502,D,,,Class A Common Stock,,
"55,504",0,1319960,D,,D,Common Stock,D,12/20/2019
1,354,1504942,I,68.2024,A,Common Stock,A,12/18/2019
,"4,453",1504942,I,,,Common Stock,,
,"16,646",1504942,D,,,Common Stock,,
"75,000","573,750",47307,I,1.43,A,Class B Common Shares,C,12/18/2019
"251,489","1,583,657",47307,I,1.43,A,Class A Common Shares,C,12/18/2019
,"9,000",47307,D,,,Class A Common Shares,,
"3,750","14,423",22356,D,66.4602,D,Common Stock,S,7/31/2018
"4,500","9,923",22356,D,59.0285,D,Common Stock,S,4/15/2019
"2,000","7,923",22356,D,64.236,D,Common Stock,S,10/23/2019
58,"16,108",22356,I,68.2024,A,Common Stock,A,12/18/2019
,"30,366",22356,I,,,Common Stock,,
,"11,578",22356,I,,,Common Stock,,
,"65,952",22356,D,,,Common Stock,,
"10,043","362,159",1162344,D,0,A,Common Stock,A,12/18/2019
"1,000","94,605",1254837,D,0,D,Chase Corporation Common Stock,G,11/25/2019
500,"297,413",1254837,I,120.02,D,Chase Corporation Common Stock,S,12/19/2019
500,"296,913",1254837,I,119.83,D,Chase Corporation Common Stock,S,12/20/2019
,"241,195",1254837,I,,,Chase Corporation Common Stock,,
,"80,612",1254837,I,,,Chase Corporation Common Stock,,
,"193,922",1254837,I,,,Chase Corporation Common Stock,,
,"30,052",1254837,I,,,Chase Corporation Common Stock,,
,"1,470",1254837,I,,,Chase Corporation Common Stock,,
"3,800","23,519",1070680,D,0,A,Common Stock 15346Q 400,A,12/18/2019
"2,599","2,599",1069530,I,1.65,A,Common Stock,P,12/18/2019
"4,280","13,507",1133470,D,0,A,Common Stock,A,12/18/2019
,3/8/2020,1548355,3/8/2020,,61.28,Restricted Stock Units,,0
,3/7/2021,1548355,3/7/2021,,73.96,Restricted Stock Units,,0
,4/4/2022,1548355,4/4/2022,,98.22,Restricted Stock Units,,0
"4,000","11,900",1758714,D,,A,Common Stock,M,12/19/2019
500,"11,400",1758714,D,8.06,D,Common Stock,S,12/19/2019
"3,000","96,913",1706771,D,40.31,D,Class A Common Stock,S,12/18/2019
625,625,1689813,D,0,A,Common Shares,M,12/18/2019
284,341,1689813,D,52.13,D,Common Shares,F,12/18/2019
,"240,500",1689813,I,,,Common Shares,,
,"550,000",1689813,I,,,Common Shares,,
,50,1689813,I,,,Common Shares,,
"2,089","90,305",1777939,D,30.35,A,Common Stock,M,12/19/2019
722,"89,583",1777939,D,30.35,D,Common Stock,F,12/19/2019
,"1,641",1777939,I,,,Common Stock,,
"25,000","87,640",1508170,I,44.81,D,,S,12/19/2019
,"65,405",1508170,D,,,,,
"12,802","29,951",1743436,D,27,D,Class A common stock,S,12/19/2019
"1,057","37,816",1470091,D,25.1,D,Common Stock,F,12/19/2019
,3/8/2020,1417020,3/8/2020,,38.1,Restricted Stock Units,,0
,3/7/2021,1417020,3/7/2021,,37.8,Restricted Stock Units,,0
,4/4/2022,1417020,4/4/2022,,49.11,Restricted Stock Units,,0
159.9889,"3,396.90",1641763,D,35.94,A,ACNB Corporation Common,A,12/13/2019
"1,075","84,523",1654337,D,,A,Common Stock,M,12/18/2019
277,"84,246",1654337,D,1.81,D,Common Stock,F,12/18/2019
